path	original_sha256	location	disposition	preservation_rule
phase-1-repository-intent-audit-derived-packet	000BA6BE7DE6227FF850F61EE2DB35E3F72AB49DECAC670893F774ECB3E8CC38	CONTENT_ADDRESS_RECORDED_IN_DOCS_ADR_0004	RETAIN_IMMUTABLE	EXTERNAL_PACKET_NOT_MOVED_OR_REWRITTEN_BY_G11
docs/adr/0004-repository-golden-baseline.md	8A867A4E2F600C2D2C7B7843987BF526C260DFD387C73BB2ADF382DC1DA549D4	PHASE_1_AUTHORITY	RETAIN_IMMUTABLE	BYTE_EXACT_AT_STARTING_TREE
docs/orders/WO-GOLDEN-G1.md	A81730B2163CBD296F8DED8B500E55733F46028E68E5BBD7948541A02F0FCBD9	ACCEPTED_FLOOR	RETAIN_IMMUTABLE	BYTE_EXACT_AT_STARTING_TREE
docs/orders/WO-GOLDEN-G10.md	01F7A2F60EDF7DA4589E7AF8F8FE6A866A1C83B158FDA261292D69CF14865676	ACCEPTED_FLOOR	RETAIN_IMMUTABLE	BYTE_EXACT_AT_STARTING_TREE
docs/orders/WO-GOLDEN-G2.md	BD69149FBE636495580DD8DD2EC2A3E1922A658482A24F3CC943A6DF1E796CFA	ACCEPTED_FLOOR	RETAIN_IMMUTABLE	BYTE_EXACT_AT_STARTING_TREE
docs/orders/WO-GOLDEN-G3.md	D5FE6463BB639AFBE108CDD9CEB7CECD4A9DC5F943E314A146A1ABB02FB0051B	ACCEPTED_FLOOR	RETAIN_IMMUTABLE	BYTE_EXACT_AT_STARTING_TREE
docs/orders/WO-GOLDEN-G4.md	0976DD83A68FF15E9390B0EAFFFF0F74F9E4B0D4C55FABF95AACD01F9AB6CD34	ACCEPTED_FLOOR	RETAIN_IMMUTABLE	BYTE_EXACT_AT_STARTING_TREE
docs/orders/WO-GOLDEN-G5.md	E0627B8BBAF9F60148290BD226D66D87CA83A7FD5706B2DF91F1D6A026A3C183	ACCEPTED_FLOOR	RETAIN_IMMUTABLE	BYTE_EXACT_AT_STARTING_TREE
docs/orders/WO-GOLDEN-G6.md	C27AA3B2F55D7D4C455C1C38B5E87E0245A64E59D16E7F77E0FBD235A2C5723C	ACCEPTED_FLOOR	RETAIN_IMMUTABLE	BYTE_EXACT_AT_STARTING_TREE
docs/orders/WO-GOLDEN-G7.md	388832B5DC577B138B4FE7D26CBBA6DBCA7AF65FA85DD24016CD728B57A2952A	ACCEPTED_FLOOR	RETAIN_IMMUTABLE	BYTE_EXACT_AT_STARTING_TREE
docs/orders/WO-GOLDEN-G8.md	C6E1AF9CF300D189564D02AB25EF83C0EF858D0812C3F97809B4BCAC985AF64B	ACCEPTED_FLOOR	RETAIN_IMMUTABLE	BYTE_EXACT_AT_STARTING_TREE
docs/orders/WO-GOLDEN-G9.md	094EAF2A21A172DAF97C575D254940DD94AA38D13987E279D0521C572C175405	ACCEPTED_FLOOR	RETAIN_IMMUTABLE	BYTE_EXACT_AT_STARTING_TREE
docs/orders/WO-R18-GROUND.md	D4062C886FEE96674482B2527AF371530A1DA4D5876FCFF99A24EB5AAF4CEA54	R18	RETAIN_IMMUTABLE	BYTE_EXACT_AT_STARTING_TREE
docs/orders/evidence/golden-baseline/g1/AFTER.md	5D4CF87580C4B1F53E70CFE635D64906B39DFEEACF31D35AC029C6B3DB651821	G1_G10	RETAIN_IMMUTABLE	BYTE_EXACT_AT_STARTING_TREE
docs/orders/evidence/golden-baseline/g1/BEFORE.md	3C33380246DFB8D024928B85C598A5279129880B479EB569B4D97BB2AF448F9E	G1_G10	RETAIN_IMMUTABLE	BYTE_EXACT_AT_STARTING_TREE
docs/orders/evidence/golden-baseline/g1/COMMANDS.tsv	F046D7D2422986A5B6267FFC1ECB1EDE7C904A9E8DDEE773FA00D10252DE3547	G1_G10	RETAIN_IMMUTABLE	BYTE_EXACT_AT_STARTING_TREE
docs/orders/evidence/golden-baseline/g1/EVIDENCE-ADJUDICATION.md	2F2CABBB36CCB1532AAC214867F3E89A1054F68411FCBC24276C165AB6437C53	G1_G10	RETAIN_IMMUTABLE	BYTE_EXACT_AT_STARTING_TREE
docs/orders/evidence/golden-baseline/g1/GROUP-ACCEPTANCE.md	F0FA0AF8BA25AD35A45103F0F7D8F2C996C4F239D92E2D8EEE56698722D49CAB	G1_G10	RETAIN_IMMUTABLE	BYTE_EXACT_AT_STARTING_TREE
docs/orders/evidence/golden-baseline/g1/READER-ACCEPTANCE.md	0DD968C061471324AE7BD5D96E21366433092529B25C9FE0E7D30C25A453F8C2	G1_G10	RETAIN_IMMUTABLE	BYTE_EXACT_AT_STARTING_TREE
docs/orders/evidence/golden-baseline/g1/READER-ROUND-1.md	F961A8B8B4541FBE8F8FF8CACFD2A42569768B84CBD69709600C64896864FB24	G1_G10	RETAIN_IMMUTABLE	BYTE_EXACT_AT_STARTING_TREE
docs/orders/evidence/golden-baseline/g1/READER-ROUND-2.md	8485444DEDEAB43837E9AB31F6EA1543E0423F56735455C7FBF51EB6ED85061F	G1_G10	RETAIN_IMMUTABLE	BYTE_EXACT_AT_STARTING_TREE
docs/orders/evidence/golden-baseline/g1/VERIFIER-ACCEPTANCE.md	F71720F9DB8D1CEB4383F358B0F8E9AB73ADD92F2DA0D28FD711910B0125BD55	G1_G10	RETAIN_IMMUTABLE	BYTE_EXACT_AT_STARTING_TREE
docs/orders/evidence/golden-baseline/g1/logs/01-preflight.log	F53942092F5E878B1DD6E92F1CC6C294BC56B49E29D3D974990D0E15EC9C8777	G1_G10	RETAIN_IMMUTABLE	BYTE_EXACT_AT_STARTING_TREE
docs/orders/evidence/golden-baseline/g1/logs/02-consumer-search.log	2E0479F6E332362D69AB6D390C7513509AC8DCC5E4B717607EE2117AAACDCF66	G1_G10	RETAIN_IMMUTABLE	BYTE_EXACT_AT_STARTING_TREE
docs/orders/evidence/golden-baseline/g1/logs/03-atlas-before-check.log	357056796A94E76A438A1F9EC950B1895FB59E2B08E329A327130D28D250AA35	G1_G10	RETAIN_IMMUTABLE	BYTE_EXACT_AT_STARTING_TREE
docs/orders/evidence/golden-baseline/g1/logs/04-atlas-before-ratchet.log	B64583056B8D35509F23D31BA0DF5E226A2C168E9ABCB71DBB65FD57B03090A8	G1_G10	RETAIN_IMMUTABLE	BYTE_EXACT_AT_STARTING_TREE
docs/orders/evidence/golden-baseline/g1/logs/05-dock-inventory-before.log	5AF3A49DF5AC64AF2EB78EAAD25272E6EEF7AA96697FF2746F3E29796A5CCC4A	G1_G10	RETAIN_IMMUTABLE	BYTE_EXACT_AT_STARTING_TREE
docs/orders/evidence/golden-baseline/g1/logs/06-runtime-staging-test.log	B541BD1D256D10EA07E98C9A54A7B35A1DA0433B4BD455D3BD4368D3255AF175	G1_G10	RETAIN_IMMUTABLE	BYTE_EXACT_AT_STARTING_TREE
docs/orders/evidence/golden-baseline/g1/logs/07-dock-inventory-after.log	903851875923568A8EAB8D40DA0492FFB14AF555F818D9E56F255B95C5AEC0AA	G1_G10	RETAIN_IMMUTABLE	BYTE_EXACT_AT_STARTING_TREE
docs/orders/evidence/golden-baseline/g1/logs/08-repo-shape.log	2975992CA066446A9E86C35FA25AD9A569740E759C814AB912C40B9C2F7D788D	G1_G10	RETAIN_IMMUTABLE	BYTE_EXACT_AT_STARTING_TREE
docs/orders/evidence/golden-baseline/g1/logs/09-lockfile-committed.log	44B65374C76B566E8CCEB46D4DA6AB3C7A0788CF8E56302655482D158DFF9740	G1_G10	RETAIN_IMMUTABLE	BYTE_EXACT_AT_STARTING_TREE
docs/orders/evidence/golden-baseline/g1/logs/10-kernel-sole-writer.log	9A1C54B01BAFC10BF9CF3560BA34E2BCAA9548D4F7AD6476F29DAAE066545F50	G1_G10	RETAIN_IMMUTABLE	BYTE_EXACT_AT_STARTING_TREE
docs/orders/evidence/golden-baseline/g1/logs/11-no-canvas-domain-writes.log	DADC829A73F4B61CBCBD8B81570FE33FDD95DB903D376568F4452DE60275F775	G1_G10	RETAIN_IMMUTABLE	BYTE_EXACT_AT_STARTING_TREE
docs/orders/evidence/golden-baseline/g1/logs/12-kernel-sole-writer-app.log	97C2F02C671ABDA4EC8D6B3D11C85294CEDBFA65FDFA627D267EF4A0DA168543	G1_G10	RETAIN_IMMUTABLE	BYTE_EXACT_AT_STARTING_TREE
docs/orders/evidence/golden-baseline/g1/logs/13-doc-action-surface.log	76B9E644861241A72306C01E95EA7E84AAA0463BB3CD6FB50CF91F35A1D26427	G1_G10	RETAIN_IMMUTABLE	BYTE_EXACT_AT_STARTING_TREE
docs/orders/evidence/golden-baseline/g1/logs/14-one-skin.log	B918CCF5AD026385EFA1C2EF7115B0931A47529FB62E53B5E4FC7E2F94D49C0D	G1_G10	RETAIN_IMMUTABLE	BYTE_EXACT_AT_STARTING_TREE
docs/orders/evidence/golden-baseline/g1/logs/15-doc-links.log	F6478C64DC211E0B025245332F8EC19AB1AD6ADE9269B0AF8CEB883A5BBDA551	G1_G10	RETAIN_IMMUTABLE	BYTE_EXACT_AT_STARTING_TREE
docs/orders/evidence/golden-baseline/g1/logs/16-rung-ladder.log	A1D3EE713C9057F8813C4FA91496C25D26F37537D21DD949946E0D27A3F31336	G1_G10	RETAIN_IMMUTABLE	BYTE_EXACT_AT_STARTING_TREE
docs/orders/evidence/golden-baseline/g1/logs/17-atlas-after-check.log	12C38066F3E3AF84B8A4D3D129EA280D0E81922DDE9B04C14DB637FE3650CD72	G1_G10	RETAIN_IMMUTABLE	BYTE_EXACT_AT_STARTING_TREE
docs/orders/evidence/golden-baseline/g1/logs/18-atlas-after-ratchet.log	98B4F4C2F1C5E015FD486934DC9A2B3FD1D9629EF43F62D25A826094A497A77D	G1_G10	RETAIN_IMMUTABLE	BYTE_EXACT_AT_STARTING_TREE
docs/orders/evidence/golden-baseline/g1/logs/19-diff-check.log	E3B0C44298FC1C149AFBF4C8996FB92427AE41E4649B934CA495991B7852B855	G1_G10	RETAIN_IMMUTABLE	BYTE_EXACT_AT_STARTING_TREE
docs/orders/evidence/golden-baseline/g1/logs/20-staged-diff-check.log	E3B0C44298FC1C149AFBF4C8996FB92427AE41E4649B934CA495991B7852B855	G1_G10	RETAIN_IMMUTABLE	BYTE_EXACT_AT_STARTING_TREE
docs/orders/evidence/golden-baseline/g1/logs/21-direct-absence.log	E3B0C44298FC1C149AFBF4C8996FB92427AE41E4649B934CA495991B7852B855	G1_G10	RETAIN_IMMUTABLE	BYTE_EXACT_AT_STARTING_TREE
docs/orders/evidence/golden-baseline/g1/logs/22-allowed-diff.log	38CBFAE904DD349538D2427B1462A06435084805E6A217C1CE8F47DD1F3DE566	G1_G10	RETAIN_IMMUTABLE	BYTE_EXACT_AT_STARTING_TREE
docs/orders/evidence/golden-baseline/g1/logs/23-commit-show.log	7D92D64168839F3ABA9BD2FEF45EF2C9100A2767B7655BDE7056599634DC5994	G1_G10	RETAIN_IMMUTABLE	BYTE_EXACT_AT_STARTING_TREE
docs/orders/evidence/golden-baseline/g1/logs/24-final-status.log	E3B0C44298FC1C149AFBF4C8996FB92427AE41E4649B934CA495991B7852B855	G1_G10	RETAIN_IMMUTABLE	BYTE_EXACT_AT_STARTING_TREE
docs/orders/evidence/golden-baseline/g1/logs/25-process-zero.log	E3B0C44298FC1C149AFBF4C8996FB92427AE41E4649B934CA495991B7852B855	G1_G10	RETAIN_IMMUTABLE	BYTE_EXACT_AT_STARTING_TREE
docs/orders/evidence/golden-baseline/g10/BUILDER-STARTING-MANIFEST.md	3863868F1726D0511E57C9E8DE64D13B473C756CAAE5C28FD3F713DBC874E15A	G1_G10	RETAIN_IMMUTABLE	BYTE_EXACT_AT_STARTING_TREE
docs/orders/evidence/golden-baseline/g10/FINAL-BUILDER-CHECKS-20260829.md	5D90A655E57D18DC17A1456F36C2C0D3454F19BCEDEC62A5292204B0942DA2DD	G1_G10	RETAIN_IMMUTABLE	BYTE_EXACT_AT_STARTING_TREE
docs/orders/evidence/golden-baseline/g10/RECEIPT-HASH-CLARIFICATION-20260829.md	DF2BD66E9FABC04352397E6855DBC878DD1C29893E3BD24D310AE09F37A7F967	G1_G10	RETAIN_IMMUTABLE	BYTE_EXACT_AT_STARTING_TREE
docs/orders/evidence/golden-baseline/g10/VERIFIER-ACCEPTANCE-20260829.md	6994EB38B3E4A0CA7D53D14EBAAFC890977DFBC34D87C003C7681CE8A8F10347	G1_G10	RETAIN_IMMUTABLE	BYTE_EXACT_AT_STARTING_TREE
docs/orders/evidence/golden-baseline/g10/golden-g10-deterministic-scroll-final-20260829.txt	C4C947C663902F20A11DBA0E3B20D0BCE438B84144B5535C45E3E9C5C8699C46	G1_G10	RETAIN_IMMUTABLE	BYTE_EXACT_AT_STARTING_TREE
docs/orders/evidence/golden-baseline/g10/golden-g10-deterministic-scroll-noop-final-20260829.txt	9A8C9A629F5444F2EDA47D30FC20670E4EA930FAB115932B4655D125C1925B52	G1_G10	RETAIN_IMMUTABLE	BYTE_EXACT_AT_STARTING_TREE
docs/orders/evidence/golden-baseline/g10/golden-g10-f02-sequencing-final-20260829.txt	D0A9F37B0BF5DEDD9A254F999FC661CBE689D1B3D33E7B7ACF64AB22B6B297AE	G1_G10	RETAIN_IMMUTABLE	BYTE_EXACT_AT_STARTING_TREE
docs/orders/evidence/golden-baseline/g10/golden-g10-f03-bookkeeping-final-20260829.txt	DBE3E63115E826A70F0EECD40224879E774E6657B51163685A31F3772E59555D	G1_G10	RETAIN_IMMUTABLE	BYTE_EXACT_AT_STARTING_TREE
docs/orders/evidence/golden-baseline/g10/golden-g10-f04-live-membership-final-20260829.txt	02781FE33E08A774F4CD58B5B703AAAC5A795E5AB5A64D51976463CF915E0318	G1_G10	RETAIN_IMMUTABLE	BYTE_EXACT_AT_STARTING_TREE
docs/orders/evidence/golden-baseline/g10/golden-g10-f04-live-membership-rerun-20260829.txt	5BB3CAB1AC521EE76F7B5A067EDB23C7A2BD9DA0A4D63125774618434B290729	G1_G10	RETAIN_IMMUTABLE	BYTE_EXACT_AT_STARTING_TREE
docs/orders/evidence/golden-baseline/g10/golden-g10-f12a-raw-focused-20260829.txt	D3897778F622E4DC48B86FB2D7CCB0B363E3BD8D2B11C98FA613C4C7B8EB74B9	G1_G10	RETAIN_IMMUTABLE	BYTE_EXACT_AT_STARTING_TREE
docs/orders/evidence/golden-baseline/g10/golden-g10-f12a-raw-focused-native-20260829.txt	E7A82EFF4C4BB7C87CC235F58F8B149FF769F2BCE01DBD0702E28CE398EA9192	G1_G10	RETAIN_IMMUTABLE	BYTE_EXACT_AT_STARTING_TREE
docs/orders/evidence/golden-baseline/g10/golden-g10-f12a-raw-focused-reuse-20260829.txt	76DBF915616023563C3908D3431D8EAA30259A6924B7E6A294408E2D5AF975D6	G1_G10	RETAIN_IMMUTABLE	BYTE_EXACT_AT_STARTING_TREE
docs/orders/evidence/golden-baseline/g10/golden-g10-fast-preflight-raw-f12a-20260829.jsonl	2209E789E687F9A81B7AEA04D23BD4240A3DEABDAF8565F76A269B1CFF74E685	G1_G10	RETAIN_IMMUTABLE	BYTE_EXACT_AT_STARTING_TREE
docs/orders/evidence/golden-baseline/g10/golden-g10-fast-preflight-raw-f12a-native-20260829.jsonl	8EB511E55A58210BAB37F545F9CA350A939FF9DB40760D3F5CE72A18237DA5A1	G1_G10	RETAIN_IMMUTABLE	BYTE_EXACT_AT_STARTING_TREE
docs/orders/evidence/golden-baseline/g10/golden-g10-focus-final-20260829.txt	BD2E9A1500111D0495D52B25E1DFA569336BBB535C000B741241A07B13227FEA	G1_G10	RETAIN_IMMUTABLE	BYTE_EXACT_AT_STARTING_TREE
docs/orders/evidence/golden-baseline/g10/golden-g10-focus-settle-final-20260829.txt	3CF63B643F45E2471EBB27A2C236292D1B0D09CDD79A1A177DF9D7772F0F55BE	G1_G10	RETAIN_IMMUTABLE	BYTE_EXACT_AT_STARTING_TREE
docs/orders/evidence/golden-baseline/g10/golden-g10-identity-sequence-final-20260829.txt	E5ECDE09AB5F99063B06775E876D5C4AB5257C0A93429221478E21A8957057F0	G1_G10	RETAIN_IMMUTABLE	BYTE_EXACT_AT_STARTING_TREE
docs/orders/evidence/golden-baseline/g10/golden-g10-native-sign-final-20260829.txt	7A1625EE95368E8118E134A07214D5544C4CD488ED74D65C8DA117D059E2091B	G1_G10	RETAIN_IMMUTABLE	BYTE_EXACT_AT_STARTING_TREE
docs/orders/evidence/golden-baseline/g10/golden-g10-native-wheel-origin-diagnostic-20260829.txt	FFA3AAEB79A5F8C3C544F05A05DF145389F2D7002D1479FE9032641DC0004836	G1_G10	RETAIN_IMMUTABLE	BYTE_EXACT_AT_STARTING_TREE
docs/orders/evidence/golden-baseline/g10/golden-g10-native-wheel-payload-diagnostic-20260829-v2.txt	7102CEDFD7A5857578AD7FBF1F1AEB48F61492C97AF75C437D8B0CCEEECB2C3B	G1_G10	RETAIN_IMMUTABLE	BYTE_EXACT_AT_STARTING_TREE
docs/orders/evidence/golden-baseline/g10/golden-g10-native-wheel-payload-diagnostic-20260829.txt	D64D57A7AD4DD8B719D58AA07D504234DE73747421B03DF1AC1A2DA621269499	G1_G10	RETAIN_IMMUTABLE	BYTE_EXACT_AT_STARTING_TREE
docs/orders/evidence/golden-baseline/g10/golden-g10-no-canvas-domain-writes-clean-20260829.txt	DADC829A73F4B61CBCBD8B81570FE33FDD95DB903D376568F4452DE60275F775	G1_G10	RETAIN_IMMUTABLE	BYTE_EXACT_AT_STARTING_TREE
docs/orders/evidence/golden-baseline/g2/AFTER.md	785FDC90AA81DA45E4B9BADE323A71F5C766D0FAFC3E38F44CD80C962D47BDC1	G1_G10	RETAIN_IMMUTABLE	BYTE_EXACT_AT_STARTING_TREE
docs/orders/evidence/golden-baseline/g2/ATLAS-RETIRED-DECISIONS.md	9ED2D4C7C96B795FC9B8CC6DE9733938C3077EE3E20531543E2E7D162F89493F	G1_G10	RETAIN_IMMUTABLE	BYTE_EXACT_AT_STARTING_TREE
docs/orders/evidence/golden-baseline/g2/BEFORE.md	840211C73E32EC06466A9725F5E291B9CEAEDC782FC6D8566F1FE5949A0A103A	G1_G10	RETAIN_IMMUTABLE	BYTE_EXACT_AT_STARTING_TREE
docs/orders/evidence/golden-baseline/g2/BUILD-ROUND-1-STOP.md	67DB7EED035C9D0176F0D23CB33CC0D7B9B0ADA1ED425A79900381DF83B60B88	G1_G10	RETAIN_IMMUTABLE	BYTE_EXACT_AT_STARTING_TREE
docs/orders/evidence/golden-baseline/g2/COMMANDS.tsv	4F973575B9ED8210B0760BEFAC776E9B0217CB7793C1AC3CCA4CACF89A9B1FBD	G1_G10	RETAIN_IMMUTABLE	BYTE_EXACT_AT_STARTING_TREE
docs/orders/evidence/golden-baseline/g2/FALSIFIER-32-33-REPAIR.md	97E18700BDED7F50EFB6CEB1C8FAB1EAD27CC01521CAA00060DA6C90DF169727	G1_G10	RETAIN_IMMUTABLE	BYTE_EXACT_AT_STARTING_TREE
docs/orders/evidence/golden-baseline/g2/G8-G9-DEPENDENCY-ADJUDICATION.md	19ED2FA45F2D7B973E7EF636CACDDEAA18B8DA72515836EC3D1F9EDD54250AE3	G1_G10	RETAIN_IMMUTABLE	BYTE_EXACT_AT_STARTING_TREE
docs/orders/evidence/golden-baseline/g2/GROUP-ACCEPTANCE.md	02230D13AC167DFBCCB6873CC43910B3B41082A7B50C4F945212CDF034365CE2	G1_G10	RETAIN_IMMUTABLE	BYTE_EXACT_AT_STARTING_TREE
docs/orders/evidence/golden-baseline/g2/INTEGRATION-READER-ACCEPTANCE.md	B0CA31266440413D54FFED2F1C8B0788CABEE93AB1E654BE5A43D10FFF8153DD	G1_G10	RETAIN_IMMUTABLE	BYTE_EXACT_AT_STARTING_TREE
docs/orders/evidence/golden-baseline/g2/OBSERVE-DOOR-READER-ADJUDICATION.md	884E69DDBEB30A5CD173C9714E0C8178615448B3076095EE8B3B0919B6C19B4C	G1_G10	RETAIN_IMMUTABLE	BYTE_EXACT_AT_STARTING_TREE
docs/orders/evidence/golden-baseline/g2/PREEXISTING-RED-03.md	5B51C9D5315FE18643650F19B02B6B83BB5089C1C52B9FA3BC79BC8BC5A31F7F	G1_G10	RETAIN_IMMUTABLE	BYTE_EXACT_AT_STARTING_TREE
docs/orders/evidence/golden-baseline/g2/PREEXISTING-RED-06.md	BB1163C1C1CB1CF10731A5B532B04C5B8B8742344FA76D5BFD4FCB4D756B91D2	G1_G10	RETAIN_IMMUTABLE	BYTE_EXACT_AT_STARTING_TREE
docs/orders/evidence/golden-baseline/g2/PREREQUISITE-RESTORATION-CHECK.md	41FE6DEE3160D9CCDDF9F7D132BD2272A24DCE9298DD37B4628781EE1DBB59E1	G1_G10	RETAIN_IMMUTABLE	BYTE_EXACT_AT_STARTING_TREE
docs/orders/evidence/golden-baseline/g2/REACH-AFTER-SUPERSEDED.md	1984A2185EDBD4E032348844412A3F6AE72409168A6A410C4662DFF8919B701C	G1_G10	RETAIN_IMMUTABLE	BYTE_EXACT_AT_STARTING_TREE
docs/orders/evidence/golden-baseline/g2/READER-ACCEPTANCE.md	658B06DD64FBDA5390DA722AA5FBA4E9CE586CB8A7B7DCB263215BAA3001CF15	G1_G10	RETAIN_IMMUTABLE	BYTE_EXACT_AT_STARTING_TREE
docs/orders/evidence/golden-baseline/g2/READER-ROUND-1.md	BBD933AACFDE520E0DBC14D22E87094B2191FA371FFBD5E90D7C5F14A936315B	G1_G10	RETAIN_IMMUTABLE	BYTE_EXACT_AT_STARTING_TREE
docs/orders/evidence/golden-baseline/g2/RECOVERY-LOSS-RECEIPT.md	CAE3CCA69E13B7D250CA347B57BF7AE60F00F94B9E98BD717516345456ADCB72	G1_G10	RETAIN_IMMUTABLE	BYTE_EXACT_AT_STARTING_TREE
docs/orders/evidence/golden-baseline/g2/REPORT-AUTHORITY-BLOCKER-READER.md	4C577B188F027A737256CD961FA98CB43180BC856F4C58E1AE1F2BF0D10E7867	G1_G10	RETAIN_IMMUTABLE	BYTE_EXACT_AT_STARTING_TREE
docs/orders/evidence/golden-baseline/g2/REWORK-1-READER-ACCEPTANCE.md	BFA6214834EDE4F9FB21E697558E2E87DD7FD515722FB1913A6F5E8E5E622067	G1_G10	RETAIN_IMMUTABLE	BYTE_EXACT_AT_STARTING_TREE
docs/orders/evidence/golden-baseline/g2/REWRITE-2-READER-ACCEPTANCE.md	CD235AC075BE88DDA01357EB9C12134268F3F840294F7DDF181DA5286BF006DA	G1_G10	RETAIN_IMMUTABLE	BYTE_EXACT_AT_STARTING_TREE
docs/orders/evidence/golden-baseline/g2/ROUTER-STAGING-CORRECTION.md	548140F26F434B12CA7082525FA92A2A8EA06E5CC1D5E8167F9176BA1D955E94	G1_G10	RETAIN_IMMUTABLE	BYTE_EXACT_AT_STARTING_TREE
docs/orders/evidence/golden-baseline/g2/SHA-MANIFEST.tsv	07A69D673CCBD04E1C77B598CBB60A550AF06068DD4BEE5643C278D6E4F6E13F	G1_G10	RETAIN_IMMUTABLE	BYTE_EXACT_AT_STARTING_TREE
docs/orders/evidence/golden-baseline/g2/VAULT-ARCHIVE-RECEIPT.md	D4FF5DD06A15CFA65DB13C26D45F208909C00A23B99C9CB4B5C1785EDEBCD701	G1_G10	RETAIN_IMMUTABLE	BYTE_EXACT_AT_STARTING_TREE
docs/orders/evidence/golden-baseline/g2/VERIFIER-ACCEPTANCE.md	8CE96894452A29AA27FAE05493DE84801DC3F339B2F723AFAD14ED02BF75232E	G1_G10	RETAIN_IMMUTABLE	BYTE_EXACT_AT_STARTING_TREE
docs/orders/evidence/golden-baseline/g2/logs/00-atlas-generate.txt	07C4A384D2DCBA9509F2EEF7312F0644EB25E8C4FB95596278A5A6F6212DC7D2	G1_G10	RETAIN_IMMUTABLE	BYTE_EXACT_AT_STARTING_TREE
docs/orders/evidence/golden-baseline/g2/logs/01-shared-paths-test.txt	FD78333EC31F27E1DB10C78B9C58094029338576E700443C81746BD0E8E3C599	G1_G10	RETAIN_IMMUTABLE	BYTE_EXACT_AT_STARTING_TREE
docs/orders/evidence/golden-baseline/g2/logs/02-research-director-front-door-cleanup-receipt.txt	597B6A0F1D7608A274869C09117B571F84DD790D256870BC02763E0F113CFA67	G1_G10	RETAIN_IMMUTABLE	BYTE_EXACT_AT_STARTING_TREE
docs/orders/evidence/golden-baseline/g2/logs/02-research-director-front-door-mechanical.txt	898DE01B676AF360A2F95E8AD7342D30A66DE1BEB4A60DDAF4D7FE5721AC39A9	G1_G10	RETAIN_IMMUTABLE	BYTE_EXACT_AT_STARTING_TREE
docs/orders/evidence/golden-baseline/g2/logs/02-research-director-front-door-mission-tile.txt	41A7576FACB3301BF93D1AF294344B9F128C231AF6243AF6A75B36CB90C1B660	G1_G10	RETAIN_IMMUTABLE	BYTE_EXACT_AT_STARTING_TREE
docs/orders/evidence/golden-baseline/g2/logs/02-research-director-front-door-rewrite-2.txt	4632D76EBE5E1A32724B683D93B8AD8F11CC3B8F576E4E51304A9E1292DC67C7	G1_G10	RETAIN_IMMUTABLE	BYTE_EXACT_AT_STARTING_TREE
docs/orders/evidence/golden-baseline/g2/logs/02-research-director-front-door-session-link-receipt.txt	F9664C1FC30F1951E7B958C560629E0DB8CA674EA7AAE1E2CACDA69CFEED86F0	G1_G10	RETAIN_IMMUTABLE	BYTE_EXACT_AT_STARTING_TREE
docs/orders/evidence/golden-baseline/g2/logs/02-research-director-front-door-session-rows.txt	F4E691D6DEE707037357085C2121E187DACA2C99166232C798456C25D666E2DA	G1_G10	RETAIN_IMMUTABLE	BYTE_EXACT_AT_STARTING_TREE
docs/orders/evidence/golden-baseline/g2/logs/02-research-director-front-door.txt	7E6970105EAC94B0E87CEC5019831739F4A6139D9B2EBC5164FE2A4BE5DD882A	G1_G10	RETAIN_IMMUTABLE	BYTE_EXACT_AT_STARTING_TREE
docs/orders/evidence/golden-baseline/g2/logs/21-matrix-01-shared-paths.txt	B1CF8687CBF47156F3F9B537E9A9BEA33EA4CCDD44580F3E390AC4F1112DA0AD	G1_G10	RETAIN_IMMUTABLE	BYTE_EXACT_AT_STARTING_TREE
docs/orders/evidence/golden-baseline/g2/logs/21-matrix-02-research-director.txt	1D87A2A95FB78E64524FC6CE6A71C68A1B6F15A6E43DD0C3913BCE6070A101FB	G1_G10	RETAIN_IMMUTABLE	BYTE_EXACT_AT_STARTING_TREE
docs/orders/evidence/golden-baseline/g2/logs/21-matrix-03-kernel-market-lineage.txt	BE41A87AC941705D4380D5D4F70A8D104EECD60B3A81B71F5937C80348C50BFD	G1_G10	RETAIN_IMMUTABLE	BYTE_EXACT_AT_STARTING_TREE
docs/orders/evidence/golden-baseline/g2/logs/21-matrix-04-governed-review.txt	5591E1B2ACF956DA7F9CA7F1AF5903556379C4957F5DC30DD66C23BA10A946FE	G1_G10	RETAIN_IMMUTABLE	BYTE_EXACT_AT_STARTING_TREE
docs/orders/evidence/golden-baseline/g2/logs/21-matrix-05-research-world-visible.txt	ADA1F4AA89ECA9CAB9FC78A4DF260E823BB17792E19422CD222C7C01326CD9F4	G1_G10	RETAIN_IMMUTABLE	BYTE_EXACT_AT_STARTING_TREE
docs/orders/evidence/golden-baseline/g2/logs/21-matrix-06-artifact-root-a2a-merge-red.txt	D8ED9E0CCE7BF8E1BA90061FC47703FFA5676DD09F2351C1269892DA67EFC42E	G1_G10	RETAIN_IMMUTABLE	BYTE_EXACT_AT_STARTING_TREE
docs/orders/evidence/golden-baseline/g2/logs/21-matrix-06-artifact-root-helper.txt	553F43834222DD82191BF2BA0543E175699B50CB938EA7F3AAD1A242A766BC8D	G1_G10	RETAIN_IMMUTABLE	BYTE_EXACT_AT_STARTING_TREE
docs/orders/evidence/golden-baseline/g2/logs/21-matrix-06-artifact-root.txt	AAF26518573868569D79D063B0BB1A9C97FBE35EC66F48659357DF72C2967818	G1_G10	RETAIN_IMMUTABLE	BYTE_EXACT_AT_STARTING_TREE
docs/orders/evidence/golden-baseline/g2/logs/21-matrix-07-one-skin.txt	42E6EE1060DCD38AB84AA8A9275B2D11519CC26129E7E28C8F5B516DEC175FF7	G1_G10	RETAIN_IMMUTABLE	BYTE_EXACT_AT_STARTING_TREE
docs/orders/evidence/golden-baseline/g2/logs/21-matrix-08-observe-door.txt	835CFB85350DAF3F1D104B978B275229AA6225ABCB205F154C02D4F88880972E	G1_G10	RETAIN_IMMUTABLE	BYTE_EXACT_AT_STARTING_TREE
docs/orders/evidence/golden-baseline/g2/logs/21-matrix-09-kernel-sole-writer-app.txt	99ADF6AAA4EB00E6118766BF3F86CEF64C042628D52F7036C21E3F5D942E9865	G1_G10	RETAIN_IMMUTABLE	BYTE_EXACT_AT_STARTING_TREE
docs/orders/evidence/golden-baseline/g2/logs/21-matrix-10-repo-shape.txt	C8A698CEA569ECA97A6B32531459C23FD7BDC4A4D13EBD38B77A119E5D6EE21F	G1_G10	RETAIN_IMMUTABLE	BYTE_EXACT_AT_STARTING_TREE
docs/orders/evidence/golden-baseline/g2/logs/21-matrix-11-doc-links.txt	CE72DFD8B82B6EF0D447B375DC95CDEABA4FC21888C704E824BF00FD4B17BFAB	G1_G10	RETAIN_IMMUTABLE	BYTE_EXACT_AT_STARTING_TREE
docs/orders/evidence/golden-baseline/g2/logs/21-matrix-12-rung-ladder.txt	CA918713CEBCB53EEDFBCEC49DB1DEC15ABF445C6100E640415741D955CFA3B4	G1_G10	RETAIN_IMMUTABLE	BYTE_EXACT_AT_STARTING_TREE
docs/orders/evidence/golden-baseline/g2/logs/21-matrix-13-atlas-generate-check.txt	721D3EE80F0334A68109DD1F267ED76D3C8BE570E2B194379988616C57D00F01	G1_G10	RETAIN_IMMUTABLE	BYTE_EXACT_AT_STARTING_TREE
docs/orders/evidence/golden-baseline/g2/logs/21-matrix-14-atlas-falsifiers.txt	1FCBA8E7D35C3298781F277B8217C6090297F583332213A869897F2CE2AE3FEF	G1_G10	RETAIN_IMMUTABLE	BYTE_EXACT_AT_STARTING_TREE
docs/orders/evidence/golden-baseline/g2/logs/21-matrix-15-atlas-ratchet.txt	DC3EF5632BA6EA967453806A276F56986D5DCE8912BC8D31B60ACE2540762159	G1_G10	RETAIN_IMMUTABLE	BYTE_EXACT_AT_STARTING_TREE
docs/orders/evidence/golden-baseline/g2/logs/21-matrix-16-electron-build.txt	3F7E1889873B176E6EC9CBC1AA9ADBEF2AAD8923313A52DADDF4DC89D9AEEC2E	G1_G10	RETAIN_IMMUTABLE	BYTE_EXACT_AT_STARTING_TREE
docs/orders/evidence/golden-baseline/g2/logs/21-matrix-17-deletion-build-census.txt	B3C34FC5C60E121B48BE240C4F01FBC34416C98DBD9B9EEAB074AF0967E83CD7	G1_G10	RETAIN_IMMUTABLE	BYTE_EXACT_AT_STARTING_TREE
docs/orders/evidence/golden-baseline/g2/logs/21-matrix-18-atlas-reach-causal-diff-corrected.txt	993D74E5015583525EB6B95D5FE227E491BE2B7234EDC7C995C41D7EC1DAB7D1	G1_G10	RETAIN_IMMUTABLE	BYTE_EXACT_AT_STARTING_TREE
docs/orders/evidence/golden-baseline/g2/logs/21-matrix-18-atlas-reach-causal-diff-refresh.txt	2967B9F2F3A1C851797CDA9589E3DABB8D99C921F54F46A9DBEEC71423C58C81	G1_G10	RETAIN_IMMUTABLE	BYTE_EXACT_AT_STARTING_TREE
docs/orders/evidence/golden-baseline/g2/logs/21-matrix-18-atlas-reach-causal-diff.txt	A1206BD74CBBF148B2F72296E675629888DD35874F747D3919A0A23685EBFA68	G1_G10	RETAIN_IMMUTABLE	BYTE_EXACT_AT_STARTING_TREE
docs/orders/evidence/golden-baseline/g2/logs/21-matrix-19-diff-check.txt	91B0BB26A8B848C518146C8F5EB054AA21FAF8A0DDD09BF20FAEBC319AD397F0	G1_G10	RETAIN_IMMUTABLE	BYTE_EXACT_AT_STARTING_TREE
docs/orders/evidence/golden-baseline/g2/logs/21-matrix-20-cached-diff-check-corrected.txt	6D6A2101B301C56E3A8EAB8CB60D32477D4233786FD47CD9B3823BD8D3B2C6E7	G1_G10	RETAIN_IMMUTABLE	BYTE_EXACT_AT_STARTING_TREE
docs/orders/evidence/golden-baseline/g2/logs/21-matrix-20-cached-diff-check.txt	25EF4F20CB5883F58829D457DA170E4F0D96452956D0E59D23CA7AD4FB8482FB	G1_G10	RETAIN_IMMUTABLE	BYTE_EXACT_AT_STARTING_TREE
docs/orders/evidence/golden-baseline/g2/logs/21-matrix-21-process-census.txt	D8242030E6083FDCBD4C987998CEB50F5DD6F52D3BBA0517D1A36FA1147869CF	G1_G10	RETAIN_IMMUTABLE	BYTE_EXACT_AT_STARTING_TREE
docs/orders/evidence/golden-baseline/g2/logs/21-package-install-test.txt	B0577CAB0EBF20CCAA2A89FF16E210ED97E2E85A0B192C208B81BEA7FC5FC08B	G1_G10	RETAIN_IMMUTABLE	BYTE_EXACT_AT_STARTING_TREE
docs/orders/evidence/golden-baseline/g2/logs/falsifier-bytes-identity.txt	032285B975225CCE54CA185F3193DF27C2DB935C3A86BA65D6928E194F37B57F	G1_G10	RETAIN_IMMUTABLE	BYTE_EXACT_AT_STARTING_TREE
docs/orders/evidence/golden-baseline/g2/logs/falsifier-hash-identity.txt	AE38B1A0CB545A93E9AD15AF21582471489247476BE784F5F9382FE36FA4F99B	G1_G10	RETAIN_IMMUTABLE	BYTE_EXACT_AT_STARTING_TREE
docs/orders/evidence/golden-baseline/g2/logs/falsifier-kind.txt	036E13D6A2F016755EA7F66BA557037C0F3E24B9423641A2C02D4198CACE5D83	G1_G10	RETAIN_IMMUTABLE	BYTE_EXACT_AT_STARTING_TREE
docs/orders/evidence/golden-baseline/g2/logs/falsifier-producer-link-count.txt	4349D902DB67ADD5973AAF7AE6B141C672540F0E890825C80BEDA9E9DF3DA379	G1_G10	RETAIN_IMMUTABLE	BYTE_EXACT_AT_STARTING_TREE
docs/orders/evidence/golden-baseline/g2/logs/falsifier-producer-link-identity.txt	FEAE82AE835A225EC2F057649AC6EE84DA4973ADC676A26BFB699A6CE41D3128	G1_G10	RETAIN_IMMUTABLE	BYTE_EXACT_AT_STARTING_TREE
docs/orders/evidence/golden-baseline/g2/logs/falsifier-report-refusal.txt	F8A0AE58F85E54B05E20761826118E03C385E95E7B3AB1B500362E3A8632FFE9	G1_G10	RETAIN_IMMUTABLE	BYTE_EXACT_AT_STARTING_TREE
docs/orders/evidence/golden-baseline/g2/logs/falsifier-root-confinement.txt	AEC83420A14DB81C0638E9547BC3E5F0EAF1C58CAB5D8C9F3DD45D71B7A1D501	G1_G10	RETAIN_IMMUTABLE	BYTE_EXACT_AT_STARTING_TREE
docs/orders/evidence/golden-baseline/g2/logs/falsifier-storage-ref-identity.txt	AB66FA99488825E746AF49D2110EC064EFE3C1A5B323C1C97E9F761421283AB1	G1_G10	RETAIN_IMMUTABLE	BYTE_EXACT_AT_STARTING_TREE
docs/orders/evidence/golden-baseline/g2/logs/observe-repair-atlas-causal-diff.txt	0B83DC849621C540A96EF9DE0EA639B818CA36EC379CC2724B692DCBEBF4C7C6	G1_G10	RETAIN_IMMUTABLE	BYTE_EXACT_AT_STARTING_TREE
docs/orders/evidence/golden-baseline/g2/logs/observe-repair-atlas-generate-check-pass.txt	816BC350EA4BC375A8042742A4667299AFA41C845F598EB6016A7E07A53EC0BF	G1_G10	RETAIN_IMMUTABLE	BYTE_EXACT_AT_STARTING_TREE
docs/orders/evidence/golden-baseline/g2/logs/observe-repair-atlas-generate-check.txt	7B1FE865D8E67BBBA023007FF64F2E19DFD1F6E8013F73596A018247C52142D2	G1_G10	RETAIN_IMMUTABLE	BYTE_EXACT_AT_STARTING_TREE
docs/orders/evidence/golden-baseline/g2/logs/observe-repair-atlas-generate.txt	66E919C70D2DD77F596EF21F4B03AF2073B05E38CF30FFC236BAEA5814986391	G1_G10	RETAIN_IMMUTABLE	BYTE_EXACT_AT_STARTING_TREE
docs/orders/evidence/golden-baseline/g2/logs/observe-repair-falsifier-json-tools-reference.txt	972D968B89075FF840E976FC4B12F95154DC1BE99802080DBC3331E83C99AF52	G1_G10	RETAIN_IMMUTABLE	BYTE_EXACT_AT_STARTING_TREE
docs/orders/evidence/golden-baseline/g2/logs/observe-repair-falsifier-production-observe-ticket.txt	A043D073FD3E15CFAE112286ED33032E7A19F9567A1987DA9FFA529CA59F5A35	G1_G10	RETAIN_IMMUTABLE	BYTE_EXACT_AT_STARTING_TREE
docs/orders/evidence/golden-baseline/g2/logs/observe-repair-falsifier-qa-generate-mcp.txt	3F1690A1CEADF55305378CA87BADB1CAED126DE4C9850E885D519B4A1A87F7C9	G1_G10	RETAIN_IMMUTABLE	BYTE_EXACT_AT_STARTING_TREE
docs/orders/evidence/golden-baseline/g2/logs/observe-repair-matrix-01.txt	A60DC5EE3E1F693744719915B974EBAB0F3A67B56A43AE8E9D65D602C1EE016F	G1_G10	RETAIN_IMMUTABLE	BYTE_EXACT_AT_STARTING_TREE
docs/orders/evidence/golden-baseline/g2/logs/observe-repair-matrix-02.txt	844E876E0B153E03BE41FFE940D2E146007AFAF6669CB6E270D9756B4D3D8F9A	G1_G10	RETAIN_IMMUTABLE	BYTE_EXACT_AT_STARTING_TREE
docs/orders/evidence/golden-baseline/g2/logs/observe-repair-matrix-03.txt	041DC95CD4DC8B006F7E557D33EE8CF35390D37979CE1F7CF18A14CC99BAA917	G1_G10	RETAIN_IMMUTABLE	BYTE_EXACT_AT_STARTING_TREE
docs/orders/evidence/golden-baseline/g2/logs/observe-repair-matrix-04.txt	1FB7E2F2F0433ED304285CF71FF0E6909C0F4CB2B94DBA2755FF6010F61C72D3	G1_G10	RETAIN_IMMUTABLE	BYTE_EXACT_AT_STARTING_TREE
docs/orders/evidence/golden-baseline/g2/logs/observe-repair-matrix-05.txt	AC7EAC1957E91E72BBB164D7519D9A43D4E7419FD811B81B8C348E00916C5B7B	G1_G10	RETAIN_IMMUTABLE	BYTE_EXACT_AT_STARTING_TREE
docs/orders/evidence/golden-baseline/g2/logs/observe-repair-matrix-06.txt	1C9E59C819FB0E0D119E105B1A9661CBC4B656E3F31C130DC98E8038C32B6ACD	G1_G10	RETAIN_IMMUTABLE	BYTE_EXACT_AT_STARTING_TREE
docs/orders/evidence/golden-baseline/g2/logs/observe-repair-matrix-07.txt	B918CCF5AD026385EFA1C2EF7115B0931A47529FB62E53B5E4FC7E2F94D49C0D	G1_G10	RETAIN_IMMUTABLE	BYTE_EXACT_AT_STARTING_TREE
docs/orders/evidence/golden-baseline/g2/logs/observe-repair-matrix-08.txt	91E369646ABE4894B2A8D6BD958FFC6056E9C75BB156283D87B13189703C005E	G1_G10	RETAIN_IMMUTABLE	BYTE_EXACT_AT_STARTING_TREE
docs/orders/evidence/golden-baseline/g2/logs/observe-repair-matrix-09.txt	97C2F02C671ABDA4EC8D6B3D11C85294CEDBFA65FDFA627D267EF4A0DA168543	G1_G10	RETAIN_IMMUTABLE	BYTE_EXACT_AT_STARTING_TREE
docs/orders/evidence/golden-baseline/g2/logs/observe-repair-matrix-10.txt	2975992CA066446A9E86C35FA25AD9A569740E759C814AB912C40B9C2F7D788D	G1_G10	RETAIN_IMMUTABLE	BYTE_EXACT_AT_STARTING_TREE
docs/orders/evidence/golden-baseline/g2/logs/observe-repair-matrix-11.txt	2757640B1D8C3B62C271A1632F37BF270ACCD6F252AB5B9A86CA21BD4AF768B1	G1_G10	RETAIN_IMMUTABLE	BYTE_EXACT_AT_STARTING_TREE
docs/orders/evidence/golden-baseline/g2/logs/observe-repair-matrix-12.txt	A1D3EE713C9057F8813C4FA91496C25D26F37537D21DD949946E0D27A3F31336	G1_G10	RETAIN_IMMUTABLE	BYTE_EXACT_AT_STARTING_TREE
docs/orders/evidence/golden-baseline/g2/logs/observe-repair-matrix-13.txt	11D53EA3D1256B6273D438D50FC40163E3BE66B2FCCDE4C7AF2D3ED0F1A7D9B5	G1_G10	RETAIN_IMMUTABLE	BYTE_EXACT_AT_STARTING_TREE
docs/orders/evidence/golden-baseline/g2/logs/observe-repair-new-surface.txt	B394CBAABFBFCF2BDCD7EE6933E7DFC711E3250F8987723BA61A08DCCF06F15E	G1_G10	RETAIN_IMMUTABLE	BYTE_EXACT_AT_STARTING_TREE
docs/orders/evidence/golden-baseline/g2/logs/observe-repair-observe-door.txt	0C7173F06A0F64B956ECE1493FD8BD69C4760DE2607313DE5C19B91B29F2F5CA	G1_G10	RETAIN_IMMUTABLE	BYTE_EXACT_AT_STARTING_TREE
docs/orders/evidence/golden-baseline/g2/logs/observe-repair-tool-plane.txt	6A141BCAA118C5A3467E02B9053C60E820C7B26A5FBB6B53C1F34F3641F79449	G1_G10	RETAIN_IMMUTABLE	BYTE_EXACT_AT_STARTING_TREE
docs/orders/evidence/golden-baseline/g2/reach-after.tsv	A847009D59DB23F6537003CBEA024CB589E96051D79323F8FEAFDDC3617CF5AB	G1_G10	RETAIN_IMMUTABLE	BYTE_EXACT_AT_STARTING_TREE
docs/orders/evidence/golden-baseline/g2/reach-before.tsv	A3ECFAC9C7D51CDD27AF76E23EE3A5AEC20785A8AA2DC6092A08921E9220D114	G1_G10	RETAIN_IMMUTABLE	BYTE_EXACT_AT_STARTING_TREE
docs/orders/evidence/golden-baseline/g3/AFTER.md	5E5C147D6E64965D5FD52378809B11E2281BF4977732822F27C932C7372BC940	G1_G10	RETAIN_IMMUTABLE	BYTE_EXACT_AT_STARTING_TREE
docs/orders/evidence/golden-baseline/g3/BEFORE.md	4F4AD6DF9C3E02C26072ACA83BE7D54E0FF32BAE63EDBE63DABC4D1AF4568F3C	G1_G10	RETAIN_IMMUTABLE	BYTE_EXACT_AT_STARTING_TREE
docs/orders/evidence/golden-baseline/g3/CLEANUP-RECEIPT.md	8F544A27DDB0A5A0777C215FAB9CC5D155D369780F62A5D40532118D48BA1AA5	G1_G10	RETAIN_IMMUTABLE	BYTE_EXACT_AT_STARTING_TREE
docs/orders/evidence/golden-baseline/g3/COMMANDS.tsv	16E54CC6C550D2C40049BA7D63D863A81AFA8E49FDE62EB328D86848C52EF0E1	G1_G10	RETAIN_IMMUTABLE	BYTE_EXACT_AT_STARTING_TREE
docs/orders/evidence/golden-baseline/g3/GROUP-ACCEPTANCE.md	B1E1076B3F397912F53559ED51D692E10344741CACBC9CB3A3A8DF42880EE8C5	G1_G10	RETAIN_IMMUTABLE	BYTE_EXACT_AT_STARTING_TREE
docs/orders/evidence/golden-baseline/g3/IGNORED-DESCENDANTS-BEFORE.tsv	39AFFCBB8729D3D1971A349B08577B948D2A7BE423303C4254B595EBB26D0247	G1_G10	RETAIN_IMMUTABLE	BYTE_EXACT_AT_STARTING_TREE
docs/orders/evidence/golden-baseline/g3/LIFECYCLE-FIXTURE-READER.md	78618011042082EAA910107D9AA7860C867F766110713D9A1B7123B453CCC0C3	G1_G10	RETAIN_IMMUTABLE	BYTE_EXACT_AT_STARTING_TREE
docs/orders/evidence/golden-baseline/g3/PARTIAL-CLEANUP-STATE.tsv	470A5DEAF88ABB653E4FDD965A99A56795EC1871B4026C27F7D2C7F891A46EA4	G1_G10	RETAIN_IMMUTABLE	BYTE_EXACT_AT_STARTING_TREE
docs/orders/evidence/golden-baseline/g3/READER-ACCEPTANCE.md	B7977912D37B1BC4D884DC12948D25B7E057B5E7AD1DA789B99E1EB1A93A38F2	G1_G10	RETAIN_IMMUTABLE	BYTE_EXACT_AT_STARTING_TREE
docs/orders/evidence/golden-baseline/g3/READER-ROUND-1.md	9F1828E496597EA2E9B2808E096E2BF70272D7D99F98B46DD249A34C30B60E77	G1_G10	RETAIN_IMMUTABLE	BYTE_EXACT_AT_STARTING_TREE
docs/orders/evidence/golden-baseline/g3/READER-ROUND-2.md	65A748D001E8DF6C62C125556748EB36798007F87F586A0C3D685A37E551794D	G1_G10	RETAIN_IMMUTABLE	BYTE_EXACT_AT_STARTING_TREE
docs/orders/evidence/golden-baseline/g3/REFERENCES-AFTER.tsv	A9F5718DD051B562366D1838B0126897D5B25BF436B12255CB8DC77AFA4FCC18	G1_G10	RETAIN_IMMUTABLE	BYTE_EXACT_AT_STARTING_TREE
docs/orders/evidence/golden-baseline/g3/REFERENCES-BEFORE.tsv	74DB94A56F5FCF94D4A55476D168BC13D08AFE63D047240AB5F56759891FD71D	G1_G10	RETAIN_IMMUTABLE	BYTE_EXACT_AT_STARTING_TREE
docs/orders/evidence/golden-baseline/g3/REMOVED-PATHS.tsv	66295A767C593CF88115E2BE25FC8E1C6F43DB41DFB664F06637FA176F634D97	G1_G10	RETAIN_IMMUTABLE	BYTE_EXACT_AT_STARTING_TREE
docs/orders/evidence/golden-baseline/g3/SEMANTIC-PRESERVATION-READER.md	F85DB1F1DB8E12F13D1D6E0BC3A05F4A62CCA4BC6F753704B33B84F2E55C1E8A	G1_G10	RETAIN_IMMUTABLE	BYTE_EXACT_AT_STARTING_TREE
docs/orders/evidence/golden-baseline/g3/TEMP-ROOTS-BEFORE.txt	6EF77E144FE39054D178D6D439C0F375FEE7E20F8B27515A5B0599A37E4A379D	G1_G10	RETAIN_IMMUTABLE	BYTE_EXACT_AT_STARTING_TREE
docs/orders/evidence/golden-baseline/g3/VERIFIER-ACCEPTANCE.md	88EE678F46F4C933533CA8EBBC881DD427F2E2890F2507A4177C7C1DEDB79AFC	G1_G10	RETAIN_IMMUTABLE	BYTE_EXACT_AT_STARTING_TREE
docs/orders/evidence/golden-baseline/g4/AFTER.md	A3BAF3B60FF43B36EC9CA7763C1772104F3972EDBB7672769BD2A2796CEA4996	G1_G10	RETAIN_IMMUTABLE	BYTE_EXACT_AT_STARTING_TREE
docs/orders/evidence/golden-baseline/g4/BEFORE.md	8DE73E348E812022FB2B639F93C22A659CF6EA98E58A8FF23C36D867CC368F78	G1_G10	RETAIN_IMMUTABLE	BYTE_EXACT_AT_STARTING_TREE
docs/orders/evidence/golden-baseline/g4/BUILD-BASE.json	8174FAFD55A097DD1D4D7FA3D06E86525C0265F2FB76AFF8040A96F472DA78BE	G1_G10	RETAIN_IMMUTABLE	BYTE_EXACT_AT_STARTING_TREE
docs/orders/evidence/golden-baseline/g4/BUILD-OUTPUT-BEFORE.tsv	6CD36ACF9718F09ED0C9B8CB375C89C57659F55B86D85632C39BFDAD30BE9E26	G1_G10	RETAIN_IMMUTABLE	BYTE_EXACT_AT_STARTING_TREE
docs/orders/evidence/golden-baseline/g4/G4-READER-ACCEPTANCE.md	9F2CE7E99A8AD1A61561FF9F9ED470805AA2509B0904C33E932966F5924FCC8E	G1_G10	RETAIN_IMMUTABLE	BYTE_EXACT_AT_STARTING_TREE
docs/orders/evidence/golden-baseline/g4/G4-ROUTE-TIMING-READER.md	DFB669C1EF2F1C16D94A417C634A99924D932A0958F6D77D08185AE690C82049	G1_G10	RETAIN_IMMUTABLE	BYTE_EXACT_AT_STARTING_TREE
docs/orders/evidence/golden-baseline/g4/GROUP-ACCEPTANCE.md	CE15CE01A5B37395469CF49A522078F1036CAD9F42DA4D723ABE6D6283AB6269	G1_G10	RETAIN_IMMUTABLE	BYTE_EXACT_AT_STARTING_TREE
docs/orders/evidence/golden-baseline/g4/KERNEL-DEFINITIONS-BEFORE.json	45739CF5EFBB6E5BDA54BA31EABEF35AC6054FD64EDEBD13E501D41F2000F793	G1_G10	RETAIN_IMMUTABLE	BYTE_EXACT_AT_STARTING_TREE
docs/orders/evidence/golden-baseline/g4/MATRIX-AFTER.tsv	584F7A92CE2271FC5E744492B10D6D946F42B8C882D7AA1EE58AFF34C04D05FB	G1_G10	RETAIN_IMMUTABLE	BYTE_EXACT_AT_STARTING_TREE
docs/orders/evidence/golden-baseline/g4/MATRIX-BEFORE.tsv	9894DD8517B29224E1C1AE2268A230A58C9E2669B562DA561BD9C5C4A4A24375	G1_G10	RETAIN_IMMUTABLE	BYTE_EXACT_AT_STARTING_TREE
docs/orders/evidence/golden-baseline/g4/PACKAGE-STAGING-AFTER.tsv	16DB7CE1AA447808A847EE5E90ACAA27B69ED7A2E0B0F55D6330FB7A741B1E00	G1_G10	RETAIN_IMMUTABLE	BYTE_EXACT_AT_STARTING_TREE
docs/orders/evidence/golden-baseline/g4/PACKAGE-STAGING-BEFORE.tsv	5704A90A2A09EC838D6C29952D916D526771C9748772675D9F71CBBD8CFDDEB3	G1_G10	RETAIN_IMMUTABLE	BYTE_EXACT_AT_STARTING_TREE
docs/orders/evidence/golden-baseline/g4/READER-ROUND-1.md	A3208E67AC092266F54322F1910FF53A991B96756800731F82270B9EA86A80CD	G1_G10	RETAIN_IMMUTABLE	BYTE_EXACT_AT_STARTING_TREE
docs/orders/evidence/golden-baseline/g4/READER-ROUND-2.md	956CB8941E747477286A199A750D2DCDCC1116931D7F0E13B4F7FCBF53A83048	G1_G10	RETAIN_IMMUTABLE	BYTE_EXACT_AT_STARTING_TREE
docs/orders/evidence/golden-baseline/g4/REFERENCES-BEFORE.tsv	A24AF0080E50BD198E84A1B7573CF2609D77F82A1559FDF58687E997EF46DB03	G1_G10	RETAIN_IMMUTABLE	BYTE_EXACT_AT_STARTING_TREE
docs/orders/evidence/golden-baseline/g4/ROUTES-AFTER.json	E83DD4A48D964453F2278BFBD67391647B2013D99408DA639BECCB4A427F2B11	G1_G10	RETAIN_IMMUTABLE	BYTE_EXACT_AT_STARTING_TREE
docs/orders/evidence/golden-baseline/g4/ROUTES-BEFORE.json	5D5089B1AFC776DC9015EA142D5A2829381AB5302FD41101A5D66E76D8DCBFAF	G1_G10	RETAIN_IMMUTABLE	BYTE_EXACT_AT_STARTING_TREE
docs/orders/evidence/golden-baseline/g4/RUNTIME-PROOF-BEFORE.tsv	461AAE6134E7C74912F3CB516CD7BFE4EF81993AA7F4BA3D2C52B62F5580FE70	G1_G10	RETAIN_IMMUTABLE	BYTE_EXACT_AT_STARTING_TREE
docs/orders/evidence/golden-baseline/g4/VERIFIER-ACCEPTANCE.md	0184477636275D11E65A1F9C5198FE09031D0D8B596DA66BDD7D10E58982E098	G1_G10	RETAIN_IMMUTABLE	BYTE_EXACT_AT_STARTING_TREE
docs/orders/evidence/golden-baseline/g5/AFTER.md	72C8BF7ABD0B7D625FCB3CCA4952569612BCDBAAA1C07C59237298F96BFFD597	G1_G10	RETAIN_IMMUTABLE	BYTE_EXACT_AT_STARTING_TREE
docs/orders/evidence/golden-baseline/g5/BEFORE.md	CE8B67575C8D2191580872AED3F44F12C64504E09B3C75A5D7CD73CBA0DC0473	G1_G10	RETAIN_IMMUTABLE	BYTE_EXACT_AT_STARTING_TREE
docs/orders/evidence/golden-baseline/g5/COMMANDS.tsv	D134CCAC3A40038BB30F260835F974C99ABC09476A4969E734DC57E62F76EEDD	G1_G10	RETAIN_IMMUTABLE	BYTE_EXACT_AT_STARTING_TREE
docs/orders/evidence/golden-baseline/g5/FALSIFIERS.tsv	627778EB7169FB24ABFAA12B9B3F2856FFDCCBA7C2CFD27B6519ACE32B8CEEB8	G1_G10	RETAIN_IMMUTABLE	BYTE_EXACT_AT_STARTING_TREE
docs/orders/evidence/golden-baseline/g5/GROUP-ACCEPTANCE.md	46A4925C119D1C893ADAE876BDEACD92388FE6DD8A76244161F1E8131B22D80E	G1_G10	RETAIN_IMMUTABLE	BYTE_EXACT_AT_STARTING_TREE
docs/orders/evidence/golden-baseline/g5/READER-ACCEPTANCE.md	5C2F6F3001689838CD69D5F4CAE5327175908D905E667624F5BC4A71E6F5B089	G1_G10	RETAIN_IMMUTABLE	BYTE_EXACT_AT_STARTING_TREE
docs/orders/evidence/golden-baseline/g5/VERIFIER-ACCEPTANCE.md	36FF9F7E96951E5CFC8C711EA18C20AC50F2FF854FC807BAE5BFEC07927F7D6F	G1_G10	RETAIN_IMMUTABLE	BYTE_EXACT_AT_STARTING_TREE
docs/orders/evidence/golden-baseline/g6/AFTER.md	24D33D9F7A2FBED47B436EB945678FF4C496C80EB8622D237A2412A2C55BFBA5	G1_G10	RETAIN_IMMUTABLE	BYTE_EXACT_AT_STARTING_TREE
docs/orders/evidence/golden-baseline/g6/BEFORE.md	D84156A736C195780DBF87CAEB6D163FCDD4952179BCEFA8732C749B9BC66FFD	G1_G10	RETAIN_IMMUTABLE	BYTE_EXACT_AT_STARTING_TREE
docs/orders/evidence/golden-baseline/g6/COMMANDS.tsv	31AD175B8AA5B7416195D180FF3797D1AAC0E3154404E6CFE1A639ABDFC9C549	G1_G10	RETAIN_IMMUTABLE	BYTE_EXACT_AT_STARTING_TREE
docs/orders/evidence/golden-baseline/g6/FALSIFIERS.tsv	7D84166B401F0457609393133A6EF030A402C29C9A4CA23242AC84023725AFCC	G1_G10	RETAIN_IMMUTABLE	BYTE_EXACT_AT_STARTING_TREE
docs/orders/evidence/golden-baseline/g6/GROUP-ACCEPTANCE.md	87DCAC11356C123881BD9663EDCE62E9CB63F43EF543A3F69737730D3C1B1FA6	G1_G10	RETAIN_IMMUTABLE	BYTE_EXACT_AT_STARTING_TREE
docs/orders/evidence/golden-baseline/g6/READER-ACCEPTANCE.md	B1B8AB7DC7996F079EB74F2AB6C4AD850EC97DE48FDB02D4D0B0AC6870F4EE11	G1_G10	RETAIN_IMMUTABLE	BYTE_EXACT_AT_STARTING_TREE
docs/orders/evidence/golden-baseline/g6/STARTING-MATRIX.tsv	EB9F52CB49BBF22B8AD65493E8BD74FC255DE5F51B238B733642197F91B6FC5A	G1_G10	RETAIN_IMMUTABLE	BYTE_EXACT_AT_STARTING_TREE
docs/orders/evidence/golden-baseline/g6/VERIFIER-ACCEPTANCE.md	385EB6584BA9056C292E6B706808116D89BB7917E42491227AF9265CB4B6F2C3	G1_G10	RETAIN_IMMUTABLE	BYTE_EXACT_AT_STARTING_TREE
docs/orders/evidence/golden-baseline/g7/AFTER.md	5AF876A09F84FFBC2E7674AAB47C96B85916FD5A99EE640BE0FC2536C306E7BC	G1_G10	RETAIN_IMMUTABLE	BYTE_EXACT_AT_STARTING_TREE
docs/orders/evidence/golden-baseline/g7/BASELINE.md	7ABC6570FA6172F91591DA860EC8913275736621D0530EDB454CDE5BCA160155	G1_G10	RETAIN_IMMUTABLE	BYTE_EXACT_AT_STARTING_TREE
docs/orders/evidence/golden-baseline/g7/BEFORE.md	5C7A2D4873FC5AC9EC86B7C16CE415A8B05C7F07C8A17DFBDC7386667EB57701	G1_G10	RETAIN_IMMUTABLE	BYTE_EXACT_AT_STARTING_TREE
docs/orders/evidence/golden-baseline/g7/CANDIDATE-LEDGER.tsv	D60EB9AD01D74BA70B5E35945CB9D1B52AE708BBB031BDB9878BAFFB9766FB31	G1_G10	RETAIN_IMMUTABLE	BYTE_EXACT_AT_STARTING_TREE
docs/orders/evidence/golden-baseline/g7/COMMANDS.tsv	F9A2BEB17D00BB1421E5FD065133951B7A97904A9D0765158B2E1620511EE6A4	G1_G10	RETAIN_IMMUTABLE	BYTE_EXACT_AT_STARTING_TREE
docs/orders/evidence/golden-baseline/g7/FALSIFIERS.tsv	5DB5A1FE558E83959325673404A304BBF9C4A9CD2B81FAEE7B3F5B6468408B03	G1_G10	RETAIN_IMMUTABLE	BYTE_EXACT_AT_STARTING_TREE
docs/orders/evidence/golden-baseline/g7/GROUP-ACCEPTANCE.md	16CAFA69B1947FDA99EEA2A6B5A6D4FBA20BF174C707D0CA39CEE5515A69D2C9	G1_G10	RETAIN_IMMUTABLE	BYTE_EXACT_AT_STARTING_TREE
docs/orders/evidence/golden-baseline/g7/READER-ACCEPTANCE.md	7C878092323A0FFCA4183ABED488A413F4D174A96DD73052EEF5D9115849A6E1	G1_G10	RETAIN_IMMUTABLE	BYTE_EXACT_AT_STARTING_TREE
docs/orders/evidence/golden-baseline/g7/VERIFIER-ACCEPTANCE.md	34CD247AC90B095670D7A8197AF09CD751D6954BD25AE6A342C5FF3ADF120769	G1_G10	RETAIN_IMMUTABLE	BYTE_EXACT_AT_STARTING_TREE
docs/orders/evidence/golden-baseline/g8/AFTER.md	E9520C380283D3BB3ABBCCAC711A57441FEB20071FA50DF91887812964380E11	G1_G10	RETAIN_IMMUTABLE	BYTE_EXACT_AT_STARTING_TREE
docs/orders/evidence/golden-baseline/g8/BASELINE.md	F226B6D1877F173D67A6DE5BEC463A2F996015AB3FCC940E38576EEB4B4208AA	G1_G10	RETAIN_IMMUTABLE	BYTE_EXACT_AT_STARTING_TREE
docs/orders/evidence/golden-baseline/g8/BEFORE.md	22FF601272CA734B3CC043AC333CCCF3DE7B5A63A90AA24DBD268ED4CDAD4AD9	G1_G10	RETAIN_IMMUTABLE	BYTE_EXACT_AT_STARTING_TREE
docs/orders/evidence/golden-baseline/g8/CANDIDATE-LEDGER.tsv	5E8C0D39B294F545AD22A4C96459A259DC0AFD3B2AC3268CE077A9723EBF0AA9	G1_G10	RETAIN_IMMUTABLE	BYTE_EXACT_AT_STARTING_TREE
docs/orders/evidence/golden-baseline/g8/COMMANDS.tsv	0DBCB1D75EF81981609DDD7D38EB33556D43AD04FBDC4B2FBA7E8B50D99EEA1C	G1_G10	RETAIN_IMMUTABLE	BYTE_EXACT_AT_STARTING_TREE
docs/orders/evidence/golden-baseline/g8/FALSIFIERS.tsv	05CCDBC9E0E110931EA5A7EF4C58100B180F8D668A163B2487C19189B85FF653	G1_G10	RETAIN_IMMUTABLE	BYTE_EXACT_AT_STARTING_TREE
docs/orders/evidence/golden-baseline/g8/GROUP-ACCEPTANCE.md	17B78DDA5039ABEA77CE021630371AFCAE657DF32FDD3B92AF2D34018039A923	G1_G10	RETAIN_IMMUTABLE	BYTE_EXACT_AT_STARTING_TREE
docs/orders/evidence/golden-baseline/g8/READER-ACCEPTANCE.md	27FEDD3C6096FA23CC5624F7BAFF53A3FBD7C1634237F522D71C5E0892D5B7FC	G1_G10	RETAIN_IMMUTABLE	BYTE_EXACT_AT_STARTING_TREE
docs/orders/evidence/golden-baseline/g8/REPAIR-BUILDER-RECEIPT.md	F354E8487DBE6E098BAA8BAD835D13DD8EF6AD8EF25A0BD274AD00B40C026FF2	G1_G10	RETAIN_IMMUTABLE	BYTE_EXACT_AT_STARTING_TREE
docs/orders/evidence/golden-baseline/g8/VERIFIER-ACCEPTANCE.md	A86AAAC522E0C65C6F105C9176C37CB44D446F1C1AF8D50ABDF37D2044BB7BF1	G1_G10	RETAIN_IMMUTABLE	BYTE_EXACT_AT_STARTING_TREE
docs/orders/evidence/golden-baseline/g9-prereq/PREREQUISITE-ACCEPTANCE.md	AA844DA8CC5F26F3FBC1C10B20F416CB7C88816449170E4FFCAED94FC6C65F3D	G1_G10	RETAIN_IMMUTABLE	BYTE_EXACT_AT_STARTING_TREE
docs/orders/evidence/golden-baseline/g9-prereq/READER-ACCEPTANCE.md	DAE7EB8D9B694CE33C3265A09EEDD07F874B0AAC3E15F0A06570DBD0B70B3196	G1_G10	RETAIN_IMMUTABLE	BYTE_EXACT_AT_STARTING_TREE
docs/orders/evidence/golden-baseline/g9-prereq/STARTING-MATRIX.md	C170F6EA346C1B1052E76A31259A04977A1592339BC5E32891F6D6DDBCCC4C9A	G1_G10	RETAIN_IMMUTABLE	BYTE_EXACT_AT_STARTING_TREE
docs/orders/evidence/golden-baseline/g9-prereq/VERIFIER-PASS.md	48CA3744DE42777477DC850989CB2DC620D940E5471C520AF2A0B74051717163	G1_G10	RETAIN_IMMUTABLE	BYTE_EXACT_AT_STARTING_TREE
docs/orders/evidence/golden-baseline/g9-prereq/candidate/SHA256SUMS	4D39CFDD60F92BA5F553C5BA1715C5016CD2FB0299D7450E2190957861FA70FD	G1_G10	RETAIN_IMMUTABLE	BYTE_EXACT_AT_STARTING_TREE
docs/orders/evidence/golden-baseline/g9-prereq/candidate/artifact-root.candidate.stderr.log	87DD7B59C5DD2882C748606514CF5608F5CC29F1FFB710BD51A11F19C15EF1C6	G1_G10	RETAIN_IMMUTABLE	BYTE_EXACT_AT_STARTING_TREE
docs/orders/evidence/golden-baseline/g9-prereq/candidate/artifact-root.candidate.stdout.log	5B391F2063A263FE995CE14AF7DD69B253AFC4609CB2B0DA1DC57B28FC9A9B48	G1_G10	RETAIN_IMMUTABLE	BYTE_EXACT_AT_STARTING_TREE
docs/orders/evidence/golden-baseline/g9-prereq/candidate/collab-electron-tsc.stderr.log	E3B0C44298FC1C149AFBF4C8996FB92427AE41E4649B934CA495991B7852B855	G1_G10	RETAIN_IMMUTABLE	BYTE_EXACT_AT_STARTING_TREE
docs/orders/evidence/golden-baseline/g9-prereq/candidate/collab-electron-tsc.stdout.log	E3B0C44298FC1C149AFBF4C8996FB92427AE41E4649B934CA495991B7852B855	G1_G10	RETAIN_IMMUTABLE	BYTE_EXACT_AT_STARTING_TREE
docs/orders/evidence/golden-baseline/g9-prereq/candidate/falsifiers/bytes-identity.stderr.log	BD037E11C5F2B004C04F9552089DFDF08652EA1B558B9A98B68D0644B7FB0518	G1_G10	RETAIN_IMMUTABLE	BYTE_EXACT_AT_STARTING_TREE
docs/orders/evidence/golden-baseline/g9-prereq/candidate/falsifiers/bytes-identity.stdout.log	54D51104CAECA4D46199B4029162D2A100FB5FADBBB23F33C41E13AD41419B81	G1_G10	RETAIN_IMMUTABLE	BYTE_EXACT_AT_STARTING_TREE
docs/orders/evidence/golden-baseline/g9-prereq/candidate/falsifiers/hash-identity.stderr.log	CD8BAA0CF9850976F74F0F945182E81AB548F9C43D0C66A6A74AB6160B1C9153	G1_G10	RETAIN_IMMUTABLE	BYTE_EXACT_AT_STARTING_TREE
docs/orders/evidence/golden-baseline/g9-prereq/candidate/falsifiers/hash-identity.stdout.log	2FAD02CED36474B319E34FD9055EA17C6CAF9D8B1F363372B7E05F7FA47234DD	G1_G10	RETAIN_IMMUTABLE	BYTE_EXACT_AT_STARTING_TREE
docs/orders/evidence/golden-baseline/g9-prereq/candidate/falsifiers/kind.stderr.log	965B647FB39122EA7EFC967EFDE216F76AD3E380FE5489989D51B3046F4AD9B9	G1_G10	RETAIN_IMMUTABLE	BYTE_EXACT_AT_STARTING_TREE
docs/orders/evidence/golden-baseline/g9-prereq/candidate/falsifiers/kind.stdout.log	D539AB71F5E5C4DA347EB59AB5D49D5939ACFC9B657224D811BFEA75856149E5	G1_G10	RETAIN_IMMUTABLE	BYTE_EXACT_AT_STARTING_TREE
docs/orders/evidence/golden-baseline/g9-prereq/candidate/falsifiers/producer-link-count.stderr.log	5423290C07EB3A02652FE9D48BD2AF352EDD2BD8D26C41E51B33EE55806A0B36	G1_G10	RETAIN_IMMUTABLE	BYTE_EXACT_AT_STARTING_TREE
docs/orders/evidence/golden-baseline/g9-prereq/candidate/falsifiers/producer-link-count.stdout.log	80D1BF079F50F003CE8F607116A993E049D8E0924A9254746D0F70716B048270	G1_G10	RETAIN_IMMUTABLE	BYTE_EXACT_AT_STARTING_TREE
docs/orders/evidence/golden-baseline/g9-prereq/candidate/falsifiers/producer-link-identity.stderr.log	CA8FA938049D8E0235BA3FE8D71AB3295DE4B7C9FC009E23DE94F7AFA52C9573	G1_G10	RETAIN_IMMUTABLE	BYTE_EXACT_AT_STARTING_TREE
docs/orders/evidence/golden-baseline/g9-prereq/candidate/falsifiers/producer-link-identity.stdout.log	076C461088478CE7C57E5B7965A3B7E62676BBF08E60F77A7B412B7DDB634704	G1_G10	RETAIN_IMMUTABLE	BYTE_EXACT_AT_STARTING_TREE
docs/orders/evidence/golden-baseline/g9-prereq/candidate/falsifiers/report-refusal.stderr.log	F1C2C275964D6F7538549248CEAD6FA7927A021ACA9EAE8A2A40A57023FA18DC	G1_G10	RETAIN_IMMUTABLE	BYTE_EXACT_AT_STARTING_TREE
docs/orders/evidence/golden-baseline/g9-prereq/candidate/falsifiers/report-refusal.stdout.log	9D272C7357B195F986D0BAD79E4397BA18336C0073F436BF7C32CD56E3573FC9	G1_G10	RETAIN_IMMUTABLE	BYTE_EXACT_AT_STARTING_TREE
docs/orders/evidence/golden-baseline/g9-prereq/candidate/falsifiers/root-confinement.stderr.log	56AD7C03A201F91D2CDEC9DC9D2FC37535539DF8515A984BA5B2FDD746588A3F	G1_G10	RETAIN_IMMUTABLE	BYTE_EXACT_AT_STARTING_TREE
docs/orders/evidence/golden-baseline/g9-prereq/candidate/falsifiers/root-confinement.stdout.log	A4F0F7002CE746C31EDD8F7A2F3EF79FFD9542855FCD0DE0A699180F10CFED8B	G1_G10	RETAIN_IMMUTABLE	BYTE_EXACT_AT_STARTING_TREE
docs/orders/evidence/golden-baseline/g9-prereq/candidate/falsifiers/storage-ref-identity.stderr.log	100274BE8716353836AFE1C42268B39E94FD1E59B063D145D687D4C20806B231	G1_G10	RETAIN_IMMUTABLE	BYTE_EXACT_AT_STARTING_TREE
docs/orders/evidence/golden-baseline/g9-prereq/candidate/falsifiers/storage-ref-identity.stdout.log	4510AE83271F5BCA6EECB15787070796F1678CD72851E343341BE7947D76C94F	G1_G10	RETAIN_IMMUTABLE	BYTE_EXACT_AT_STARTING_TREE
docs/orders/evidence/golden-baseline/g9-prereq/candidate/git-diff-check-precommit.log	BF69397D31755CB50C69E6B84FDB6186008D40931D23C784CEE101EFCCEA8B76	G1_G10	RETAIN_IMMUTABLE	BYTE_EXACT_AT_STARTING_TREE
docs/orders/evidence/golden-baseline/g9-prereq/candidate/matrix/atlas-generate-check.stderr.log	E3B0C44298FC1C149AFBF4C8996FB92427AE41E4649B934CA495991B7852B855	G1_G10	RETAIN_IMMUTABLE	BYTE_EXACT_AT_STARTING_TREE
docs/orders/evidence/golden-baseline/g9-prereq/candidate/matrix/atlas-generate-check.stdout.log	357056796A94E76A438A1F9EC950B1895FB59E2B08E329A327130D28D250AA35	G1_G10	RETAIN_IMMUTABLE	BYTE_EXACT_AT_STARTING_TREE
docs/orders/evidence/golden-baseline/g9-prereq/candidate/matrix/atlas-generate-final.stderr.log	E3B0C44298FC1C149AFBF4C8996FB92427AE41E4649B934CA495991B7852B855	G1_G10	RETAIN_IMMUTABLE	BYTE_EXACT_AT_STARTING_TREE
docs/orders/evidence/golden-baseline/g9-prereq/candidate/matrix/atlas-generate-final.stdout.log	860702F04687C0FFE3C2EE9906207114C6EFA61992A2C818C940FC4C4F50771A	G1_G10	RETAIN_IMMUTABLE	BYTE_EXACT_AT_STARTING_TREE
docs/orders/evidence/golden-baseline/g9-prereq/candidate/matrix/atlas-generate.stderr.log	E3B0C44298FC1C149AFBF4C8996FB92427AE41E4649B934CA495991B7852B855	G1_G10	RETAIN_IMMUTABLE	BYTE_EXACT_AT_STARTING_TREE
docs/orders/evidence/golden-baseline/g9-prereq/candidate/matrix/atlas-generate.stdout.log	CF0E1B7020D8EA63F4B2EED09EB026CA61A0663E3F5F476B0246EDAF85D6A128	G1_G10	RETAIN_IMMUTABLE	BYTE_EXACT_AT_STARTING_TREE
docs/orders/evidence/golden-baseline/g9-prereq/candidate/matrix/atlas-ratchet-final.stderr.log	E3B0C44298FC1C149AFBF4C8996FB92427AE41E4649B934CA495991B7852B855	G1_G10	RETAIN_IMMUTABLE	BYTE_EXACT_AT_STARTING_TREE
docs/orders/evidence/golden-baseline/g9-prereq/candidate/matrix/atlas-ratchet-final.stdout.log	0912F4494F4C27E77465560CADC7B04164E7B78DE5405591BAF734A06CE09335	G1_G10	RETAIN_IMMUTABLE	BYTE_EXACT_AT_STARTING_TREE
docs/orders/evidence/golden-baseline/g9-prereq/candidate/matrix/atlas-ratchet.stderr.log	E3B0C44298FC1C149AFBF4C8996FB92427AE41E4649B934CA495991B7852B855	G1_G10	RETAIN_IMMUTABLE	BYTE_EXACT_AT_STARTING_TREE
docs/orders/evidence/golden-baseline/g9-prereq/candidate/matrix/atlas-ratchet.stdout.log	D820672EE00BB5C8BA114CC0810254A7E6A3D1EFED18EEEDD820B9361F429705	G1_G10	RETAIN_IMMUTABLE	BYTE_EXACT_AT_STARTING_TREE
docs/orders/evidence/golden-baseline/g9-prereq/candidate/matrix/governed-review.stderr.log	1BB80F054A534C8CED81D176FCFCA35C75A7C4E4A20BC70A4053E7330FC7FDF2	G1_G10	RETAIN_IMMUTABLE	BYTE_EXACT_AT_STARTING_TREE
docs/orders/evidence/golden-baseline/g9-prereq/candidate/matrix/governed-review.stdout.log	18581613DBE2D0279973D56319A064D7E83860987B3D1D6283341BF4B2A58E55	G1_G10	RETAIN_IMMUTABLE	BYTE_EXACT_AT_STARTING_TREE
docs/orders/evidence/golden-baseline/g9-prereq/candidate/matrix/kernel-one-path.stderr.log	0D7EEE28E57B26BE8D0645B40F3073B5631341E59BEF6AE932A4D6293542B39D	G1_G10	RETAIN_IMMUTABLE	BYTE_EXACT_AT_STARTING_TREE
docs/orders/evidence/golden-baseline/g9-prereq/candidate/matrix/kernel-one-path.stdout.log	215B2495E0F580C015DB19B9E02BB0A799C1415749303CFA16C89F2AD24DEDA6	G1_G10	RETAIN_IMMUTABLE	BYTE_EXACT_AT_STARTING_TREE
docs/orders/evidence/golden-baseline/g9-prereq/candidate/matrix/kernel-sole-writer.stderr.log	E3B0C44298FC1C149AFBF4C8996FB92427AE41E4649B934CA495991B7852B855	G1_G10	RETAIN_IMMUTABLE	BYTE_EXACT_AT_STARTING_TREE
docs/orders/evidence/golden-baseline/g9-prereq/candidate/matrix/kernel-sole-writer.stdout.log	8A8B9F1F1657BB8A534DA7723AB463F80A5412B525C1112B42041F3A30E19A5A	G1_G10	RETAIN_IMMUTABLE	BYTE_EXACT_AT_STARTING_TREE
docs/orders/evidence/golden-baseline/g9-prereq/repair-candidate/SHA256SUMS	CA8525DA2A98386C1D3C5459908387B198A01D53DD6E68956A516B5A4DDB759E	G1_G10	RETAIN_IMMUTABLE	BYTE_EXACT_AT_STARTING_TREE
docs/orders/evidence/golden-baseline/g9-prereq/repair-candidate/artifact-root.repair.stderr.log	F33C5B40693B5ADE72DFF714A1D1D8C5AE51ADEB73B2196CE77BAE9CEF1BA414	G1_G10	RETAIN_IMMUTABLE	BYTE_EXACT_AT_STARTING_TREE
docs/orders/evidence/golden-baseline/g9-prereq/repair-candidate/artifact-root.repair.stdout.log	0D68514DF801576F5209E23BE5489C2A666A8FA779E3EF30588C187112714E67	G1_G10	RETAIN_IMMUTABLE	BYTE_EXACT_AT_STARTING_TREE
docs/orders/evidence/golden-baseline/g9-prereq/repair-candidate/falsifiers/bytes-identity.stderr.log	F79848DBD672C1A88AA472223152537478D7E2DB6080EC41C2679159E2F9CAE7	G1_G10	RETAIN_IMMUTABLE	BYTE_EXACT_AT_STARTING_TREE
docs/orders/evidence/golden-baseline/g9-prereq/repair-candidate/falsifiers/bytes-identity.stdout.log	26874C9FFB09A1B43F5E82832DAFEF66E8F6687EB285E6FFF9150F1FD2168E22	G1_G10	RETAIN_IMMUTABLE	BYTE_EXACT_AT_STARTING_TREE
docs/orders/evidence/golden-baseline/g9-prereq/repair-candidate/falsifiers/exits.log	42FD50253352F73B85938993D7D55B9E58532A75ADF7A3C3AF37065EBD1AA099	G1_G10	RETAIN_IMMUTABLE	BYTE_EXACT_AT_STARTING_TREE
docs/orders/evidence/golden-baseline/g9-prereq/repair-candidate/falsifiers/hash-identity.stderr.log	8615373C7C16A2CE5340409ED1713B57F2C1A3678E5625CEB4800615A59EE47F	G1_G10	RETAIN_IMMUTABLE	BYTE_EXACT_AT_STARTING_TREE
docs/orders/evidence/golden-baseline/g9-prereq/repair-candidate/falsifiers/hash-identity.stdout.log	3E1D3E4E90FA30ED1A6D6FEC6786522EE452146840214CF34EDB58F7D3E6E647	G1_G10	RETAIN_IMMUTABLE	BYTE_EXACT_AT_STARTING_TREE
docs/orders/evidence/golden-baseline/g9-prereq/repair-candidate/falsifiers/kind.stderr.log	F57E63C14C2BDA7F6E6D8101213AB4FE9334880BD472E3291ECDFB55D4474791	G1_G10	RETAIN_IMMUTABLE	BYTE_EXACT_AT_STARTING_TREE
docs/orders/evidence/golden-baseline/g9-prereq/repair-candidate/falsifiers/kind.stdout.log	D04FC952CCA1BE319D3425077E4F2AD14518F3E827EA2AFBD9B3B4F600F43AE6	G1_G10	RETAIN_IMMUTABLE	BYTE_EXACT_AT_STARTING_TREE
docs/orders/evidence/golden-baseline/g9-prereq/repair-candidate/falsifiers/producer-link-count.stderr.log	D1A6216197560BD2661BB2AF0CE47045A9250899F23DD3D9FA20A47ACDFFA928	G1_G10	RETAIN_IMMUTABLE	BYTE_EXACT_AT_STARTING_TREE
docs/orders/evidence/golden-baseline/g9-prereq/repair-candidate/falsifiers/producer-link-count.stdout.log	BD7E9C6E1D29770E37058E8B0B6E3C8622B7462D3D05576C648CE4E90D4E0F8C	G1_G10	RETAIN_IMMUTABLE	BYTE_EXACT_AT_STARTING_TREE
docs/orders/evidence/golden-baseline/g9-prereq/repair-candidate/falsifiers/producer-link-identity.stderr.log	97AA2706180403EA87B1E455AA75D107DB3A521E45FCB1D1CAC7544A47C5AA01	G1_G10	RETAIN_IMMUTABLE	BYTE_EXACT_AT_STARTING_TREE
docs/orders/evidence/golden-baseline/g9-prereq/repair-candidate/falsifiers/producer-link-identity.stdout.log	C3CA116EB1668EE5F4AEE00149E483706814A6CC6851E78CD8B27288649F55FA	G1_G10	RETAIN_IMMUTABLE	BYTE_EXACT_AT_STARTING_TREE
docs/orders/evidence/golden-baseline/g9-prereq/repair-candidate/falsifiers/report-refusal.stderr.log	795DE5C8CAF2FEEE0F6CCE9B0B205C0979001DBF629ECD9FF9CBEE63FDE9DB8A	G1_G10	RETAIN_IMMUTABLE	BYTE_EXACT_AT_STARTING_TREE
docs/orders/evidence/golden-baseline/g9-prereq/repair-candidate/falsifiers/report-refusal.stdout.log	A0833A9D8256AF45B18E7869D50DBE05364F028055E9476D1B6A4799AEA3A76C	G1_G10	RETAIN_IMMUTABLE	BYTE_EXACT_AT_STARTING_TREE
docs/orders/evidence/golden-baseline/g9-prereq/repair-candidate/falsifiers/root-confinement.stderr.log	687575A931DB0ADC6CCBB6F7A33C0EAD7260ACDACD6CD0DC82E42C75A0BEC2EC	G1_G10	RETAIN_IMMUTABLE	BYTE_EXACT_AT_STARTING_TREE
docs/orders/evidence/golden-baseline/g9-prereq/repair-candidate/falsifiers/root-confinement.stdout.log	9D68429DECB5361F087F791A2C108252AE7D007DE6097ABA2438606723B33801	G1_G10	RETAIN_IMMUTABLE	BYTE_EXACT_AT_STARTING_TREE
docs/orders/evidence/golden-baseline/g9-prereq/repair-candidate/falsifiers/storage-ref-identity.stderr.log	91F5B726ED6D84668E0A505CBF16A8A11DF9EE5C5A6471CEFC18952FA85A7FA4	G1_G10	RETAIN_IMMUTABLE	BYTE_EXACT_AT_STARTING_TREE
docs/orders/evidence/golden-baseline/g9-prereq/repair-candidate/falsifiers/storage-ref-identity.stdout.log	B9C34CA7F0DFF123CEA5496E0DD89672A8D4CA57714B90BAFE2EC75CFE73062A	G1_G10	RETAIN_IMMUTABLE	BYTE_EXACT_AT_STARTING_TREE
docs/orders/evidence/golden-baseline/g9-prereq/repair-candidate/git-diff-check-precommit.log	02C3BADB0C560C4F7352C78AB73D03ED77D817931DA2C784C34CBB0653B3164D	G1_G10	RETAIN_IMMUTABLE	BYTE_EXACT_AT_STARTING_TREE
docs/orders/evidence/golden-baseline/g9-prereq/repair-candidate/matrix/atlas-generate-check.stderr.log	E3B0C44298FC1C149AFBF4C8996FB92427AE41E4649B934CA495991B7852B855	G1_G10	RETAIN_IMMUTABLE	BYTE_EXACT_AT_STARTING_TREE
docs/orders/evidence/golden-baseline/g9-prereq/repair-candidate/matrix/atlas-generate-check.stdout.log	357056796A94E76A438A1F9EC950B1895FB59E2B08E329A327130D28D250AA35	G1_G10	RETAIN_IMMUTABLE	BYTE_EXACT_AT_STARTING_TREE
docs/orders/evidence/golden-baseline/g9-prereq/repair-candidate/matrix/atlas-generate-final.stderr.log	E3B0C44298FC1C149AFBF4C8996FB92427AE41E4649B934CA495991B7852B855	G1_G10	RETAIN_IMMUTABLE	BYTE_EXACT_AT_STARTING_TREE
docs/orders/evidence/golden-baseline/g9-prereq/repair-candidate/matrix/atlas-generate-final.stdout.log	860702F04687C0FFE3C2EE9906207114C6EFA61992A2C818C940FC4C4F50771A	G1_G10	RETAIN_IMMUTABLE	BYTE_EXACT_AT_STARTING_TREE
docs/orders/evidence/golden-baseline/g9-prereq/repair-candidate/matrix/atlas-generate.stderr.log	E3B0C44298FC1C149AFBF4C8996FB92427AE41E4649B934CA495991B7852B855	G1_G10	RETAIN_IMMUTABLE	BYTE_EXACT_AT_STARTING_TREE
docs/orders/evidence/golden-baseline/g9-prereq/repair-candidate/matrix/atlas-generate.stdout.log	CF0E1B7020D8EA63F4B2EED09EB026CA61A0663E3F5F476B0246EDAF85D6A128	G1_G10	RETAIN_IMMUTABLE	BYTE_EXACT_AT_STARTING_TREE
docs/orders/evidence/golden-baseline/g9-prereq/repair-candidate/matrix/atlas-ratchet-final.stderr.log	E3B0C44298FC1C149AFBF4C8996FB92427AE41E4649B934CA495991B7852B855	G1_G10	RETAIN_IMMUTABLE	BYTE_EXACT_AT_STARTING_TREE
docs/orders/evidence/golden-baseline/g9-prereq/repair-candidate/matrix/atlas-ratchet-final.stdout.log	B64583056B8D35509F23D31BA0DF5E226A2C168E9ABCB71DBB65FD57B03090A8	G1_G10	RETAIN_IMMUTABLE	BYTE_EXACT_AT_STARTING_TREE
docs/orders/evidence/golden-baseline/g9-prereq/repair-candidate/matrix/atlas-ratchet.stderr.log	E3B0C44298FC1C149AFBF4C8996FB92427AE41E4649B934CA495991B7852B855	G1_G10	RETAIN_IMMUTABLE	BYTE_EXACT_AT_STARTING_TREE
docs/orders/evidence/golden-baseline/g9-prereq/repair-candidate/matrix/atlas-ratchet.stdout.log	B64583056B8D35509F23D31BA0DF5E226A2C168E9ABCB71DBB65FD57B03090A8	G1_G10	RETAIN_IMMUTABLE	BYTE_EXACT_AT_STARTING_TREE
docs/orders/evidence/golden-baseline/g9-prereq/repair-candidate/matrix/collab-electron-tsc.stderr.log	E3B0C44298FC1C149AFBF4C8996FB92427AE41E4649B934CA495991B7852B855	G1_G10	RETAIN_IMMUTABLE	BYTE_EXACT_AT_STARTING_TREE
docs/orders/evidence/golden-baseline/g9-prereq/repair-candidate/matrix/collab-electron-tsc.stdout.log	E3B0C44298FC1C149AFBF4C8996FB92427AE41E4649B934CA495991B7852B855	G1_G10	RETAIN_IMMUTABLE	BYTE_EXACT_AT_STARTING_TREE
docs/orders/evidence/golden-baseline/g9-prereq/repair-candidate/matrix/exits.log	9AB0867FEE0D98C32E82D6E4677DE52369BC3069E88D7D130EB1237239B7F6EB	G1_G10	RETAIN_IMMUTABLE	BYTE_EXACT_AT_STARTING_TREE
docs/orders/evidence/golden-baseline/g9-prereq/repair-candidate/matrix/governed-review.stderr.log	E8CE536F481A5CA4555AFCB37F02BFBA6F7EA2C9C1FAC894A71DE151F0C4D3F5	G1_G10	RETAIN_IMMUTABLE	BYTE_EXACT_AT_STARTING_TREE
docs/orders/evidence/golden-baseline/g9-prereq/repair-candidate/matrix/governed-review.stdout.log	18581613DBE2D0279973D56319A064D7E83860987B3D1D6283341BF4B2A58E55	G1_G10	RETAIN_IMMUTABLE	BYTE_EXACT_AT_STARTING_TREE
docs/orders/evidence/golden-baseline/g9-prereq/repair-candidate/matrix/kernel-one-path.stderr.log	0D7EEE28E57B26BE8D0645B40F3073B5631341E59BEF6AE932A4D6293542B39D	G1_G10	RETAIN_IMMUTABLE	BYTE_EXACT_AT_STARTING_TREE
docs/orders/evidence/golden-baseline/g9-prereq/repair-candidate/matrix/kernel-one-path.stdout.log	215B2495E0F580C015DB19B9E02BB0A799C1415749303CFA16C89F2AD24DEDA6	G1_G10	RETAIN_IMMUTABLE	BYTE_EXACT_AT_STARTING_TREE
docs/orders/evidence/golden-baseline/g9-prereq/repair-candidate/matrix/kernel-sole-writer.stderr.log	E3B0C44298FC1C149AFBF4C8996FB92427AE41E4649B934CA495991B7852B855	G1_G10	RETAIN_IMMUTABLE	BYTE_EXACT_AT_STARTING_TREE
docs/orders/evidence/golden-baseline/g9-prereq/repair-candidate/matrix/kernel-sole-writer.stdout.log	8A8B9F1F1657BB8A534DA7723AB463F80A5412B525C1112B42041F3A30E19A5A	G1_G10	RETAIN_IMMUTABLE	BYTE_EXACT_AT_STARTING_TREE
docs/orders/evidence/golden-baseline/g9-prereq/starting-matrix/SHA256SUMS.tsv	520A4A701797403B5EBCF62346FA6C670BCB0D3C57A406CF18C2B47BC066E138	G1_G10	RETAIN_IMMUTABLE	BYTE_EXACT_AT_STARTING_TREE
docs/orders/evidence/golden-baseline/g9-prereq/starting-matrix/artifact-root.starting-sha.stderr.log	4EC6786FD081A043C2BD3B93414C09A95CE68816FDA3493CDFA517A95046E6F7	G1_G10	RETAIN_IMMUTABLE	BYTE_EXACT_AT_STARTING_TREE
docs/orders/evidence/golden-baseline/g9-prereq/starting-matrix/artifact-root.starting-sha.stdout.log	74EDAB3589CE21AEF5640681D905DC2F97CF070352A3F9C852F09EA975878E35	G1_G10	RETAIN_IMMUTABLE	BYTE_EXACT_AT_STARTING_TREE
docs/orders/evidence/golden-baseline/g9-prereq/starting-matrix/atlas-falsify-exact-rerun.log	84EE3D524A7C9B8C9A9365B12E2D15752CE4B6379A270BD66C70F3D1663F7943	G1_G10	RETAIN_IMMUTABLE	BYTE_EXACT_AT_STARTING_TREE
docs/orders/evidence/golden-baseline/g9-prereq/starting-matrix/atlas-generate-check.log	357056796A94E76A438A1F9EC950B1895FB59E2B08E329A327130D28D250AA35	G1_G10	RETAIN_IMMUTABLE	BYTE_EXACT_AT_STARTING_TREE
docs/orders/evidence/golden-baseline/g9-prereq/starting-matrix/atlas-ratchet.log	062664F3710715151E18C4541F345843C4C0045A1292473F1DC8ECDF64707064	G1_G10	RETAIN_IMMUTABLE	BYTE_EXACT_AT_STARTING_TREE
docs/orders/evidence/golden-baseline/g9-prereq/starting-matrix/dependency-bootstrap.stdout.log	65D34E0C07BBBBBE91CF1C2368A34834DAD9DA1EF33570215A890093821D8614	G1_G10	RETAIN_IMMUTABLE	BYTE_EXACT_AT_STARTING_TREE
docs/orders/evidence/golden-baseline/g9-prereq/starting-matrix/falsifiers.json	87E618942FBEFD15575FFA7E6C04C946D6FEC95A4F6E96170D65448D92ADC8E0	G1_G10	RETAIN_IMMUTABLE	BYTE_EXACT_AT_STARTING_TREE
docs/orders/evidence/golden-baseline/g9-prereq/starting-matrix/governed-review.stderr.log	48DACB442F5344D091001165BBCE288ABC4B97BBA7D1AFE9E58B3A0380099639	G1_G10	RETAIN_IMMUTABLE	BYTE_EXACT_AT_STARTING_TREE
docs/orders/evidence/golden-baseline/g9-prereq/starting-matrix/governed-review.stdout.log	18581613DBE2D0279973D56319A064D7E83860987B3D1D6283341BF4B2A58E55	G1_G10	RETAIN_IMMUTABLE	BYTE_EXACT_AT_STARTING_TREE
docs/orders/evidence/golden-baseline/g9-prereq/starting-matrix/kernel-one-path.stderr.log	0D7EEE28E57B26BE8D0645B40F3073B5631341E59BEF6AE932A4D6293542B39D	G1_G10	RETAIN_IMMUTABLE	BYTE_EXACT_AT_STARTING_TREE
docs/orders/evidence/golden-baseline/g9-prereq/starting-matrix/kernel-one-path.stdout.log	215B2495E0F580C015DB19B9E02BB0A799C1415749303CFA16C89F2AD24DEDA6	G1_G10	RETAIN_IMMUTABLE	BYTE_EXACT_AT_STARTING_TREE
docs/orders/evidence/golden-baseline/g9-prereq/starting-matrix/kernel-sole-writer.stdout.log	8A8B9F1F1657BB8A534DA7723AB463F80A5412B525C1112B42041F3A30E19A5A	G1_G10	RETAIN_IMMUTABLE	BYTE_EXACT_AT_STARTING_TREE
docs/orders/evidence/golden-baseline/g9/BUILDER-REPORT.md	BEBF28C9DDF06271214DE166CDEC586D0F2920FA9CDEF53D6C71DF86CD4261D4	G1_G10	RETAIN_IMMUTABLE	BYTE_EXACT_AT_STARTING_TREE
docs/orders/evidence/golden-baseline/g9/BUILDER-STARTING-MANIFEST.md	4BE3CBC038823258582E29DE05DAE63A250D9392A0F664DEEB2B326BC2C820CC	G1_G10	RETAIN_IMMUTABLE	BYTE_EXACT_AT_STARTING_TREE
docs/orders/evidence/golden-baseline/g9/BUILDER-STARTING-MATRIX.md	6245801F932C85073F91639308CC083C5F08635B342422CB7DB62FE24A8B6C5A	G1_G10	RETAIN_IMMUTABLE	BYTE_EXACT_AT_STARTING_TREE
docs/orders/evidence/golden-baseline/g9/CLOSURE-VERIFIER-ACCEPTANCE.md	9E4BEFC61153D15CDB686849DFDA81D27D3567D7A78EFABF2440057FA2B57993	G1_G10	RETAIN_IMMUTABLE	BYTE_EXACT_AT_STARTING_TREE
docs/orders/evidence/golden-baseline/g9/FINAL-CLOSURE-BUILDER-CHANGED-MANIFEST.md	46B26B0F8C3BC2C19ADBDE65AF116B1A8FF62595E4A9CA1690DA5AC0C632D403	G1_G10	RETAIN_IMMUTABLE	BYTE_EXACT_AT_STARTING_TREE
docs/orders/evidence/golden-baseline/g9/FINAL-CLOSURE-BUILDER-EVIDENCE-HEAD.md	AE4DF74AF5EAD8645845A647432435982DF2912775BA3D19E16B396CA406E5B6	G1_G10	RETAIN_IMMUTABLE	BYTE_EXACT_AT_STARTING_TREE
docs/orders/evidence/golden-baseline/g9/FINAL-CLOSURE-BUILDER-MATRIX.md	0D74F691FF6DFAC991E2FE9CC0968A92BFF80F7463917492CB68F1C851F8EC8E	G1_G10	RETAIN_IMMUTABLE	BYTE_EXACT_AT_STARTING_TREE
docs/orders/evidence/golden-baseline/g9/FINAL-CLOSURE-BUILDER-REPORT.md	70CEA344D81AF4AAD7E61A44C898AC82EDE8DFAA3786805DC7917112A4408112	G1_G10	RETAIN_IMMUTABLE	BYTE_EXACT_AT_STARTING_TREE
docs/orders/evidence/golden-baseline/g9/FINAL-CLOSURE-BUILDER-STARTING-MANIFEST.md	DF65B6AEDB78F9A2F73175DA54E50A9BFD29BC46F051F9B18C2B24B3E25A21D0	G1_G10	RETAIN_IMMUTABLE	BYTE_EXACT_AT_STARTING_TREE
docs/orders/evidence/golden-baseline/g9/FINAL-REPAIR-BUILDER-CHANGED-MANIFEST.md	A3788824FA83847E925DF98A69E245E3A8BBFD507BC6D5C531DD55BE6C5E82A6	G1_G10	RETAIN_IMMUTABLE	BYTE_EXACT_AT_STARTING_TREE
docs/orders/evidence/golden-baseline/g9/FINAL-REPAIR-BUILDER-EVIDENCE-HEAD.md	B18A596741010DCA3BAF6F0241C0A9D2E3F919A99079AB2AC69D86B436876149	G1_G10	RETAIN_IMMUTABLE	BYTE_EXACT_AT_STARTING_TREE
docs/orders/evidence/golden-baseline/g9/FINAL-REPAIR-BUILDER-MATRIX.md	CC0FF07CAD442716E7D505A31FC83B60E4CC70378A9514F19884B3B7FB460879	G1_G10	RETAIN_IMMUTABLE	BYTE_EXACT_AT_STARTING_TREE
docs/orders/evidence/golden-baseline/g9/FINAL-REPAIR-BUILDER-REPORT.md	77E9472B6C59D2ACB17ADFD4125FBBAAD6FC474FA471E045C59C03DE5139F0DE	G1_G10	RETAIN_IMMUTABLE	BYTE_EXACT_AT_STARTING_TREE
docs/orders/evidence/golden-baseline/g9/FINAL-REPAIR-BUILDER-STARTING-MANIFEST.md	AC11B494D8BC404D5CB5D0C1EC45CAC460A199128967CE13BF1B19A968FAAC13	G1_G10	RETAIN_IMMUTABLE	BYTE_EXACT_AT_STARTING_TREE
docs/orders/evidence/golden-baseline/g9/G9-PREREQUISITE-BUILDER-RECEIPT-20260829.md	58B5FBE7406A3FF43B3CE59857D4C59B2576691E2E2BB33A90325ED124AF43AC	G1_G10	RETAIN_IMMUTABLE	BYTE_EXACT_AT_STARTING_TREE
docs/orders/evidence/golden-baseline/g9/G9-PUBLICATION-FINALIZATION-DIRECT-20260829.txt	2CE244E41A40D17802E9658C41528A2CC5B4A19836628A212ED8F7A0AAE18222	G1_G10	RETAIN_IMMUTABLE	BYTE_EXACT_AT_STARTING_TREE
docs/orders/evidence/golden-baseline/g9/G9-PUBLICATION-FINALIZATION-ELEVATED-20260829.txt	CEA5BD371BACFFB4F638FBC4AF9905BAB33F34015A8EFE95566FF5487FA06BE0	G1_G10	RETAIN_IMMUTABLE	BYTE_EXACT_AT_STARTING_TREE
docs/orders/evidence/golden-baseline/g9/GROUP-ACCEPTANCE.md	FF132AF3D7B851E34364AD5136B221E1FC0D0E06C22AA86855F16AEB36767445	G1_G10	RETAIN_IMMUTABLE	BYTE_EXACT_AT_STARTING_TREE
docs/orders/evidence/golden-baseline/g9/READER-ACCEPTANCE.md	A7ED9DD6FDB40B4C9674A01AE0648D72D9562A9AB0B8AF5D68E36328F2FCF359	G1_G10	RETAIN_IMMUTABLE	BYTE_EXACT_AT_STARTING_TREE
docs/orders/evidence/golden-baseline/g9/REPAIR-BUILDER-BRIEF.md	614B779CB6C75F6292B4B7DB7B0FF189CB5FC685662DC3213C67B1D91665C5FE	G1_G10	RETAIN_IMMUTABLE	BYTE_EXACT_AT_STARTING_TREE
docs/orders/evidence/golden-baseline/g9/REPAIR-BUILDER-EVIDENCE-HEAD.md	8761F3F6494066BDC86A3E820D7F8CD19CF8040FF455ECDD92A259EA371B9CAD	G1_G10	RETAIN_IMMUTABLE	BYTE_EXACT_AT_STARTING_TREE
docs/orders/evidence/golden-baseline/g9/REPAIR-BUILDER-REPORT.md	5CD1110FCC17685D78D098BAB451D6F4B0C1247E646CA75D3106A2A206A7275F	G1_G10	RETAIN_IMMUTABLE	BYTE_EXACT_AT_STARTING_TREE
docs/orders/evidence/golden-baseline/g9/REPAIR-BUILDER-STARTING-MANIFEST.md	39B4F845729F0C13A5244443D0E7E8ACD7A9F9872D1BBB211620BC9F3A213441	G1_G10	RETAIN_IMMUTABLE	BYTE_EXACT_AT_STARTING_TREE
docs/orders/evidence/golden-baseline/g9/REPAIR-BUILDER-STARTING-MATRIX.md	A9451DC0ACE493514FF2A9D4DAC79010E7A25494ABC9DB1FCE821753ED3EBF73	G1_G10	RETAIN_IMMUTABLE	BYTE_EXACT_AT_STARTING_TREE
docs/orders/evidence/golden-baseline/g9/VERIFIER-ACCEPTANCE.md	CB372C0C468BEF5C140F0097696F3BFA064D9F32BD61845ED799D699E6E37CF6	G1_G10	RETAIN_IMMUTABLE	BYTE_EXACT_AT_STARTING_TREE
docs/orders/evidence/pre-r18-coherence/01-empty-workspace.webp	B90C17F2C463FB94080108D3BB95319BB3F4609CA1B6BA1359290267C6FFC096	PRE_R18	RETAIN_IMMUTABLE	BYTE_EXACT_AT_STARTING_TREE
docs/orders/evidence/pre-r18-coherence/02-mission-starting.webp	B8AE371A01CD1D9B2C378104FC244804DC5DD396F2E20A25518DF6CCB758CD76	PRE_R18	RETAIN_IMMUTABLE	BYTE_EXACT_AT_STARTING_TREE
docs/orders/evidence/pre-r18-coherence/03-director-planning.webp	E0C8D3B028E02AB61384298B129A3964D9F64B77A73AE2A54715A87941ECCD08	PRE_R18	RETAIN_IMMUTABLE	BYTE_EXACT_AT_STARTING_TREE
docs/orders/evidence/pre-r18-coherence/04-active-participants.webp	9B8FF78CE46C629F8F6D787E44CA0DACE1A2A0255D292E485281A51E669C3CB8	PRE_R18	RETAIN_IMMUTABLE	BYTE_EXACT_AT_STARTING_TREE
docs/orders/evidence/pre-r18-coherence/05-artifact-produced.webp	0A5F9FE48B8CB55EFF56C86742CA92B386BE2564A29AFD3F20EF4E314D7EB4B4	PRE_R18	RETAIN_IMMUTABLE	BYTE_EXACT_AT_STARTING_TREE
docs/orders/evidence/pre-r18-coherence/06-evaluation-and-report.webp	BD26B623D1DEAECEA128724FEA0ED299BFB0FE2503B0CAEF36E8F6A903518037	PRE_R18	RETAIN_IMMUTABLE	BYTE_EXACT_AT_STARTING_TREE
docs/orders/evidence/pre-r18-coherence/07-completed-world.webp	D0369D5D95EFB6A5ABB3AB226602AFBC916D63FFF68FC154B3EBA9BDE11780C2	PRE_R18	RETAIN_IMMUTABLE	BYTE_EXACT_AT_STARTING_TREE
docs/orders/evidence/pre-r18-coherence/08-reopened-world.webp	46A833316569EC90EE608299569E383C2C297AD48BF8C64C9C9208679BE4A7A7	PRE_R18	RETAIN_IMMUTABLE	BYTE_EXACT_AT_STARTING_TREE
docs/orders/evidence/pre-r18-coherence/09-dock-catalog.webp	F3719D44FA7AE73D5D64B391C2A68BD74B5EB8C892D29E5B4160C59B9330957A	PRE_R18	RETAIN_IMMUTABLE	BYTE_EXACT_AT_STARTING_TREE
docs/orders/evidence/pre-r18-coherence/10-dock-active-sessions.webp	C11058C7ECF8ECF9FFEFC2BF7E71891423C622C2B98BBD67AF0505E3697CD43E	PRE_R18	RETAIN_IMMUTABLE	BYTE_EXACT_AT_STARTING_TREE
docs/orders/evidence/pre-r18-coherence/11-selected-participant.webp	10C533BC5C50ABFBA45801E07431F083862F78E9B8E0C849477A4C45B3CED911	PRE_R18	RETAIN_IMMUTABLE	BYTE_EXACT_AT_STARTING_TREE
docs/orders/evidence/pre-r18-coherence/12-selected-artifact.webp	261C6720A5596EBC13C88AC05F524C58AF19492D2195629579F719B40159EEA1	PRE_R18	RETAIN_IMMUTABLE	BYTE_EXACT_AT_STARTING_TREE
docs/orders/evidence/pre-r18-coherence/13-selected-evaluation.webp	0B8D0543743AAE3B8A6BE8E0FE0E23F95BA6145DEEC852D917040A87D0C454EA	PRE_R18	RETAIN_IMMUTABLE	BYTE_EXACT_AT_STARTING_TREE
docs/orders/evidence/pre-r18-coherence/14-most-cable-dense-region.webp	D0A2A6BA224AABE3C95C49804776F31F6058C0E29F83284B1B3A790B33303EBF	PRE_R18	RETAIN_IMMUTABLE	BYTE_EXACT_AT_STARTING_TREE
docs/orders/evidence/pre-r18-coherence/AUDIT-RESIDUE-CLEANUP.md	96D8570AD67E5B349AE3BCB8E0A78D58EAA7C4E1DF81658901C700E5723E1C43	PRE_R18	RETAIN_IMMUTABLE	BYTE_EXACT_AT_STARTING_TREE
docs/orders/evidence/pre-r18-coherence/BASELINE-BYTE-EQUIVALENCE.md	D2CD6FB29964EEBB7F1CEC4D8FBD1205D1D1B99BE188A50CD7642A02C346DF4D	PRE_R18	RETAIN_IMMUTABLE	BYTE_EXACT_AT_STARTING_TREE
docs/orders/evidence/pre-r18-coherence/BUILDER-EVIDENCE.md	4348E2135B1BC42930388315B96DEDF6455E4CEF76E6764D90DBB70A3FBBF352	PRE_R18	RETAIN_IMMUTABLE	BYTE_EXACT_AT_STARTING_TREE
docs/orders/evidence/pre-r18-coherence/DOCUMENTATION-CORRECTION.md	478C7A6064A562B6B20A048C2E2F6E16007BE7F49FBC2C58001E69EA2BF4B669	PRE_R18	RETAIN_IMMUTABLE	BYTE_EXACT_AT_STARTING_TREE
docs/orders/evidence/pre-r18-coherence/FINAL-ACCEPTANCE.md	4EC3A8E2AFF5FF8B560FAB1CDEDB30D3E12B01E79B002FD7871103D04EB6C331	PRE_R18	RETAIN_IMMUTABLE	BYTE_EXACT_AT_STARTING_TREE
docs/orders/evidence/pre-r18-coherence/READER-ACCEPTANCE.md	50970650E95D78DF2EC833ECDA8915ADD430B610AC2503381B8C2405ECB5F6F1	PRE_R18	RETAIN_IMMUTABLE	BYTE_EXACT_AT_STARTING_TREE
docs/orders/evidence/pre-r18-coherence/SCREENSHOT-MANIFEST.md	E11F9B66432AD9D28A627D6BC18C8B3ACFDCA729D3831941A91F155203D0649A	PRE_R18	RETAIN_IMMUTABLE	BYTE_EXACT_AT_STARTING_TREE
docs/orders/evidence/pre-r18-coherence/VERIFICATION-FINAL.md	5D00831A244AECC3A630E8A031BEFCF8C43694F5803CCDE189FCD328AAC6B54F	PRE_R18	RETAIN_IMMUTABLE	BYTE_EXACT_AT_STARTING_TREE
docs/orders/evidence/pre-r18-coherence/VERIFICATION-ROUND-1.md	07A34D57ED422781AE1EFFD656A4C3630F4BC249485B72A7C0537CCEAD89D0D0	PRE_R18	RETAIN_IMMUTABLE	BYTE_EXACT_AT_STARTING_TREE
docs/orders/evidence/pre-r18-coherence/VERIFICATION-ROUND-2.md	391F44CEB6127B2B80CFAEE03B9445BE6D0F949CE9F065BD7232EA802775CB01	PRE_R18	RETAIN_IMMUTABLE	BYTE_EXACT_AT_STARTING_TREE
docs/orders/evidence/pre-r18-coherence/VERIFICATION-ROUND-3.md	4B0C4528FB9902A2749EE8455A67B568596FC5A8C747E8507FDDFEEFE87C447F	PRE_R18	RETAIN_IMMUTABLE	BYTE_EXACT_AT_STARTING_TREE
docs/orders/evidence/r18/PROVIDER-RESEARCH.md	9A08A4058645C2F19B3135BEA92A4841053FBF0ACD3923B0FC96D7D7F640FEDE	R18	RETAIN_IMMUTABLE	BYTE_EXACT_AT_STARTING_TREE
docs/orders/evidence/r18/R18-SURGICAL-TABLE.md	27BE63CB49E240764CA159841A2EB62C1B5112B552E93EDC8229EA788B0D353D	R18	RETAIN_IMMUTABLE	BYTE_EXACT_AT_STARTING_TREE
docs/orders/evidence/r18/READER-ACCEPTANCE.md	EFB6B3AD5338D320B4205032D02AB821BC85D01E8DC7C2FA92BB035A2C3C9FC9	R18	RETAIN_IMMUTABLE	BYTE_EXACT_AT_STARTING_TREE
