artifact-root.starting-sha.stderr.log	129	4EC6786FD081A043C2BD3B93414C09A95CE68816FDA3493CDFA517A95046E6F7
artifact-root.starting-sha.stdout.log	95	74EDAB3589CE21AEF5640681D905DC2F97CF070352A3F9C852F09EA975878E35
atlas-falsify-exact-rerun.log	21543	84EE3D524A7C9B8C9A9365B12E2D15752CE4B6379A270BD66C70F3D1663F7943
atlas-generate-check.log	67	357056796A94E76A438A1F9EC950B1895FB59E2B08E329A327130D28D250AA35
atlas-ratchet.log	191	062664F3710715151E18C4541F345843C4C0045A1292473F1DC8ECDF64707064
dependency-bootstrap.stdout.log	246	65D34E0C07BBBBBE91CF1C2368A34834DAD9DA1EF33570215A890093821D8614
falsifiers.json	27650	87E618942FBEFD15575FFA7E6C04C946D6FEC95A4F6E96170D65448D92ADC8E0
governed-review.stderr.log	2614	48DACB442F5344D091001165BBCE288ABC4B97BBA7D1AFE9E58B3A0380099639
governed-review.stdout.log	219	18581613DBE2D0279973D56319A064D7E83860987B3D1D6283341BF4B2A58E55
kernel-one-path.stderr.log	1003	0D7EEE28E57B26BE8D0645B40F3073B5631341E59BEF6AE932A4D6293542B39D
kernel-one-path.stdout.log	22	215B2495E0F580C015DB19B9E02BB0A799C1415749303CFA16C89F2AD24DEDA6
kernel-sole-writer.stdout.log	25	8A8B9F1F1657BB8A534DA7723AB463F80A5412B525C1112B42041F3A30E19A5A
