path	blob
docs/orders/evidence/act1-golden-path/FOUNDER-REVIEW.md	9c92191ca07046a3e3e718ceec20c8c3a064f9b5
docs/orders/evidence/golden-baseline/g1/AFTER.md	8f88dfca50988f4a02f6e19e6ea45c754c7e2693
docs/orders/evidence/golden-baseline/g1/BEFORE.md	cfeff4df24706b1067b709706b3f4cc60cfca887
docs/orders/evidence/golden-baseline/g1/COMMANDS.tsv	2870a5edcbb9b849edef3584f1abb3d109a6781a
docs/orders/evidence/golden-baseline/g1/EVIDENCE-ADJUDICATION.md	4e5635c08cac57c0e2c9bb790aaa89cf716500c0
docs/orders/evidence/golden-baseline/g1/GROUP-ACCEPTANCE.md	007ae49e6dde8a52fea6e91cddca7f943802647f
docs/orders/evidence/golden-baseline/g1/READER-ACCEPTANCE.md	1ee9d2d6184757ea44daf7d062fc718855b235fc
docs/orders/evidence/golden-baseline/g1/READER-ROUND-1.md	5813daba89ad169d6ae44a33fe05ceb612483718
docs/orders/evidence/golden-baseline/g1/READER-ROUND-2.md	54e7f3e4ff72b7df9a6fb034f9af83fdb0acc43d
docs/orders/evidence/golden-baseline/g1/VERIFIER-ACCEPTANCE.md	4ee2b1c8b649b8b719bd98c68dd9a30a4f381974
docs/orders/evidence/golden-baseline/g1/logs/01-preflight.log	170b0274d6e9b8cab991015e7b14a936d127f604
docs/orders/evidence/golden-baseline/g1/logs/02-consumer-search.log	251f1f2c336cc1b29b63a3fe999dab340010f3f0
docs/orders/evidence/golden-baseline/g1/logs/03-atlas-before-check.log	df65e882cf861b09f2cb5adf7b32b5eee31c0e6e
docs/orders/evidence/golden-baseline/g1/logs/04-atlas-before-ratchet.log	1b5e65bb2795790f1776644f9340568e3eb1dd83
docs/orders/evidence/golden-baseline/g1/logs/05-dock-inventory-before.log	8a209dd804d7b6691f9bd3b75ccfc53c4f177c61
docs/orders/evidence/golden-baseline/g1/logs/06-runtime-staging-test.log	047731ea9ab540462aa8f731a09def8cb07cb261
docs/orders/evidence/golden-baseline/g1/logs/07-dock-inventory-after.log	d70f96e81188ab11d833b096f91f318b1cdd6daa
docs/orders/evidence/golden-baseline/g1/logs/08-repo-shape.log	7f3d5907e705f7e6eb08178bee4a31ac4563d306
docs/orders/evidence/golden-baseline/g1/logs/09-lockfile-committed.log	7a898468c281f427454b630115f1e5ff7f375832
docs/orders/evidence/golden-baseline/g1/logs/10-kernel-sole-writer.log	c04a1844ec9d9ec80f40b5ca0867195a731996e2
docs/orders/evidence/golden-baseline/g1/logs/11-no-canvas-domain-writes.log	19cb207ad8cb67daa9557023d8e847fd285b7ea9
docs/orders/evidence/golden-baseline/g1/logs/12-kernel-sole-writer-app.log	9b78c8c6832271e5fc48b21d291135628ff7f7b9
docs/orders/evidence/golden-baseline/g1/logs/13-doc-action-surface.log	f5ee83292e64f655e46739ce3b1f5e8a933a4e57
docs/orders/evidence/golden-baseline/g1/logs/14-one-skin.log	29aabb21ec6f85e4cb9e0737046b2c805334c0ec
docs/orders/evidence/golden-baseline/g1/logs/15-doc-links.log	2c5b5477a7ae581b7b22d00f14c61b9ec1ae271d
docs/orders/evidence/golden-baseline/g1/logs/16-rung-ladder.log	acc28ef066f7681c4bd52d890cf2061a7d76a048
docs/orders/evidence/golden-baseline/g1/logs/17-atlas-after-check.log	df65e882cf861b09f2cb5adf7b32b5eee31c0e6e
docs/orders/evidence/golden-baseline/g1/logs/18-atlas-after-ratchet.log	7696e0c8ab2e2b13a14a07624032f69d98a83b85
docs/orders/evidence/golden-baseline/g1/logs/19-diff-check.log	e69de29bb2d1d6434b8b29ae775ad8c2e48c5391
docs/orders/evidence/golden-baseline/g1/logs/20-staged-diff-check.log	e69de29bb2d1d6434b8b29ae775ad8c2e48c5391
docs/orders/evidence/golden-baseline/g1/logs/21-direct-absence.log	e69de29bb2d1d6434b8b29ae775ad8c2e48c5391
docs/orders/evidence/golden-baseline/g1/logs/22-allowed-diff.log	6cada72f068f6f6e004eb68685a7c7f816feb94d
docs/orders/evidence/golden-baseline/g1/logs/23-commit-show.log	ea144a406f140a180830a3091630327dda4d6a46
docs/orders/evidence/golden-baseline/g1/logs/24-final-status.log	e69de29bb2d1d6434b8b29ae775ad8c2e48c5391
docs/orders/evidence/golden-baseline/g1/logs/25-process-zero.log	e69de29bb2d1d6434b8b29ae775ad8c2e48c5391
docs/orders/evidence/golden-baseline/g10/BUILDER-STARTING-MANIFEST.md	6b24eb0045a4b253b0b0191b79f89e286d73538e
docs/orders/evidence/golden-baseline/g10/FINAL-BUILDER-CHECKS-20260829.md	db3241aba479e19e5db31d3475dc91496a9fd458
docs/orders/evidence/golden-baseline/g10/RECEIPT-HASH-CLARIFICATION-20260829.md	50e28bd5dc71e13184d9539043f7b7354eb43aeb
docs/orders/evidence/golden-baseline/g10/VERIFIER-ACCEPTANCE-20260829.md	26f4600843b9093320e9939fda751757ead6244c
docs/orders/evidence/golden-baseline/g10/golden-g10-deterministic-scroll-final-20260829.txt	9999464f3e612c6294ef3a9b8a62ac7f72386ab2
docs/orders/evidence/golden-baseline/g10/golden-g10-deterministic-scroll-noop-final-20260829.txt	fc2c4a76a4359b1fc1af8ba5b6c99defed44b2c2
docs/orders/evidence/golden-baseline/g10/golden-g10-f02-sequencing-final-20260829.txt	d3c127fc39064a03476fd11c3cacbfdac99d681c
docs/orders/evidence/golden-baseline/g10/golden-g10-f03-bookkeeping-final-20260829.txt	4b10951f01a7a023e2e03722c8d1b2fb74f33130
docs/orders/evidence/golden-baseline/g10/golden-g10-f04-live-membership-final-20260829.txt	ffb552ab83000578ba1817f90d491240246cd08d
docs/orders/evidence/golden-baseline/g10/golden-g10-f04-live-membership-rerun-20260829.txt	8cf72a14f90b9a2d4eb2d9198b888dfccb707367
docs/orders/evidence/golden-baseline/g10/golden-g10-f12a-raw-focused-20260829.txt	112b7b67d6486c24a2411eeb084ac3faa263e545
docs/orders/evidence/golden-baseline/g10/golden-g10-f12a-raw-focused-native-20260829.txt	337c1600930e9165dcfd2a601a52da95b1ed4612
docs/orders/evidence/golden-baseline/g10/golden-g10-f12a-raw-focused-reuse-20260829.txt	ebaf8e8c425c77c4c149db24f03240a1320dd5b9
docs/orders/evidence/golden-baseline/g10/golden-g10-fast-preflight-raw-f12a-20260829.jsonl	26849d036046c2f2c200f04037d42a3ed15bc4be
docs/orders/evidence/golden-baseline/g10/golden-g10-fast-preflight-raw-f12a-native-20260829.jsonl	d6159732024529c2f362873bc20df35be585c049
docs/orders/evidence/golden-baseline/g10/golden-g10-focus-final-20260829.txt	a1f1fe52d50ef1f91595261e7f202073ccb190d8
docs/orders/evidence/golden-baseline/g10/golden-g10-focus-settle-final-20260829.txt	b1a6f8d102b1bb6eb205197306660c755ab4ac0b
docs/orders/evidence/golden-baseline/g10/golden-g10-identity-sequence-final-20260829.txt	9d31be8ab8200b95d73ad83e3dfe54cbf131d7ab
docs/orders/evidence/golden-baseline/g10/golden-g10-native-sign-final-20260829.txt	f46cdc62468a4fff5f8e7d44208f00feea3a0de1
docs/orders/evidence/golden-baseline/g10/golden-g10-native-wheel-origin-diagnostic-20260829.txt	c4ed33c113af7dbcfc4d1d9b0e4d561a41963189
docs/orders/evidence/golden-baseline/g10/golden-g10-native-wheel-payload-diagnostic-20260829-v2.txt	bf5bc5c3395c976fd592ccd3137e10cb9a84b822
docs/orders/evidence/golden-baseline/g10/golden-g10-native-wheel-payload-diagnostic-20260829.txt	0ffb74ad769a6833754406de0712771897543983
docs/orders/evidence/golden-baseline/g10/golden-g10-no-canvas-domain-writes-clean-20260829.txt	19cb207ad8cb67daa9557023d8e847fd285b7ea9
docs/orders/evidence/golden-baseline/g11/BUILDER-RECEIPT-20260829.md	176e364f60d86e6f4f22138eca5be13bd411b1b1
docs/orders/evidence/golden-baseline/g11/G11-ARCHIVE-MAP.tsv	1bb894e4dd19adba59125c507d4c8586e26daf7e
docs/orders/evidence/golden-baseline/g11/G11-COMMAND-RECEIPTS-20260829.md	a54f9bef4790557e4bad83c242ba692e8329b88f
docs/orders/evidence/golden-baseline/g11/G11-CURRENT-DISPOSITION.tsv	932a20fae1d7b3f2fbd715c2c481775c639527f6
docs/orders/evidence/golden-baseline/g11/G11-IMMUTABLE-PRESERVATION.tsv	f134a8d9d11aa9cc084946e16048c202a01ce560
docs/orders/evidence/golden-baseline/g11/G11-PHASE1-EXTERNAL.tsv	f71976f52be7864949bf6b6db4c44eb74cd75bdf
docs/orders/evidence/golden-baseline/g11/G11-REPAIR-TRANSCRIPTS-20260829.md	b6a4dc0e1fca23f287c99231fdcedcad4bb016ca
docs/orders/evidence/golden-baseline/g11/VERIFIER-ACCEPTANCE-20260829.md	990cafa54cc0ea729419471551162185c8d6dfe3
docs/orders/evidence/golden-baseline/g12/G12-STARTING-MATRIX.tsv	c37347c2404f64f78de8238ff9114d773ea63bbb
docs/orders/evidence/golden-baseline/g12/G12-SURFACE-MANIFEST.tsv	66486a6a0812a9b7d2271aee2292a61ec2cc7958
docs/orders/evidence/golden-baseline/g12/VERIFIER-ACCEPTANCE-20260830.md	62ea123dbaf4e9ceac414bedd43ce9e01ba59b57
docs/orders/evidence/golden-baseline/g2/AFTER.md	c4552d77bd06b8122f19636e76fea128645e4182
docs/orders/evidence/golden-baseline/g2/ATLAS-RETIRED-DECISIONS.md	bf73820f80fef88f6bd74b88d803dd28836349cc
docs/orders/evidence/golden-baseline/g2/BEFORE.md	15a92c6d437561d0cc7741b535641f4f07a6eab2
docs/orders/evidence/golden-baseline/g2/BUILD-ROUND-1-STOP.md	453f76a45ffcf6af5496a971bd8f4a5f3386840c
docs/orders/evidence/golden-baseline/g2/COMMANDS.tsv	db23dd39a9e8a4bc8994a30d2186a3611a73c1a6
docs/orders/evidence/golden-baseline/g2/FALSIFIER-32-33-REPAIR.md	e8bb6836b646f77d2874d87ce6b51c8fd0af8adc
docs/orders/evidence/golden-baseline/g2/G8-G9-DEPENDENCY-ADJUDICATION.md	6cb7346f31295ad719f630cf91ab3840903dd6ad
docs/orders/evidence/golden-baseline/g2/GROUP-ACCEPTANCE.md	203b6a71961a01dab496d8bc7c139aad941f686d
docs/orders/evidence/golden-baseline/g2/INTEGRATION-READER-ACCEPTANCE.md	5205fe495361d8af34d46b953a9c81ddfc91a919
docs/orders/evidence/golden-baseline/g2/OBSERVE-DOOR-READER-ADJUDICATION.md	b6e5fe5493e0120c684d2b1537317aa4bd999c62
docs/orders/evidence/golden-baseline/g2/PREEXISTING-RED-03.md	3693743caf841e25f892ef9b483e332163b14ebd
docs/orders/evidence/golden-baseline/g2/PREEXISTING-RED-06.md	63d509facbdc0f1118b0539a01e868addf264a0d
docs/orders/evidence/golden-baseline/g2/PREREQUISITE-RESTORATION-CHECK.md	f0753944d4bce8be69289cda4c5319dde5cd9d45
docs/orders/evidence/golden-baseline/g2/REACH-AFTER-SUPERSEDED.md	f4a396366b98e3c9a859d5a0857aaefb5c5879cf
docs/orders/evidence/golden-baseline/g2/READER-ACCEPTANCE.md	6244bdf07fc9a54aaf14976a6082058a4ec3307c
docs/orders/evidence/golden-baseline/g2/READER-ROUND-1.md	35d967ac93a1716db28a128a29adf5058bec922a
docs/orders/evidence/golden-baseline/g2/RECOVERY-LOSS-RECEIPT.md	a1b2e997da9e835dd3d8e686aeb6589d46dca1bc
docs/orders/evidence/golden-baseline/g2/REPORT-AUTHORITY-BLOCKER-READER.md	eb16f5470b4b9dec48dc9485b96b4516766a8867
docs/orders/evidence/golden-baseline/g2/REWORK-1-READER-ACCEPTANCE.md	d1e82ad40f40ab413d16d1a0bfeba34a25f20351
docs/orders/evidence/golden-baseline/g2/REWRITE-2-READER-ACCEPTANCE.md	33524e05fea2647b6be40ec11ab0121e117d2f1d
docs/orders/evidence/golden-baseline/g2/ROUTER-STAGING-CORRECTION.md	4effe212118ab1cf9e2ec82f1f58a64e0ba9d9cc
docs/orders/evidence/golden-baseline/g2/SHA-MANIFEST.tsv	f8dfc6e68fe99e2a35cf978af0d8fc6c1086ef1d
docs/orders/evidence/golden-baseline/g2/VAULT-ARCHIVE-RECEIPT.md	2562c5cc5bf11e18027ba665c70925d99166c6c4
docs/orders/evidence/golden-baseline/g2/VERIFIER-ACCEPTANCE.md	43b3acd8871cee5be4404836fbcf0a68134091e1
docs/orders/evidence/golden-baseline/g2/logs/00-atlas-generate.txt	05d2fcabd96db7b47c1d6369b6145db63c7c8764
docs/orders/evidence/golden-baseline/g2/logs/01-shared-paths-test.txt	39e6b06fc611a77fde72ad4485a069cc4801e806
docs/orders/evidence/golden-baseline/g2/logs/02-research-director-front-door-cleanup-receipt.txt	da92a151e1f05c5c6df4314d009d29ecbe1eb334
docs/orders/evidence/golden-baseline/g2/logs/02-research-director-front-door-mechanical.txt	423a173ef4f62558ec8a1ed18a60b9149c13d783
docs/orders/evidence/golden-baseline/g2/logs/02-research-director-front-door-mission-tile.txt	ae39b81516ebf5e253e6a9a0556790d3a35d0757
docs/orders/evidence/golden-baseline/g2/logs/02-research-director-front-door-rewrite-2.txt	adb88bd8194edc1fefd3ec90920b3ee9d4893555
docs/orders/evidence/golden-baseline/g2/logs/02-research-director-front-door-session-link-receipt.txt	c455be90e73fc98ffd3e4395a4480ebd9f38d8c7
docs/orders/evidence/golden-baseline/g2/logs/02-research-director-front-door-session-rows.txt	5deebdfa409de33bae3bbbca230956cd0daf685f
docs/orders/evidence/golden-baseline/g2/logs/02-research-director-front-door.txt	633bbfe6899bb1596add49869861af8c14c1ee24
docs/orders/evidence/golden-baseline/g2/logs/21-matrix-01-shared-paths.txt	b541df026ef593488c3044cee4c8d1da115c4ebf
docs/orders/evidence/golden-baseline/g2/logs/21-matrix-02-research-director.txt	54eb041d0e51ef30c2b73e04ee60b7218632d900
docs/orders/evidence/golden-baseline/g2/logs/21-matrix-03-kernel-market-lineage.txt	e0378bd96e82b3fca4be5538b4d10e3778954605
docs/orders/evidence/golden-baseline/g2/logs/21-matrix-04-governed-review.txt	3e463967580ec2c222678fb13a353f0431ebc95c
docs/orders/evidence/golden-baseline/g2/logs/21-matrix-05-research-world-visible.txt	a1bb972a81c7557d3bc9a67b3dc9136627bef025
docs/orders/evidence/golden-baseline/g2/logs/21-matrix-06-artifact-root-a2a-merge-red.txt	6d614ce207a1fa492843ce22b7d12c33a42e747e
docs/orders/evidence/golden-baseline/g2/logs/21-matrix-06-artifact-root-helper.txt	07b8f5a234d3108106fc6db1d4f3f7065facc860
docs/orders/evidence/golden-baseline/g2/logs/21-matrix-06-artifact-root.txt	226c9819e787abaac0d9258b087d333f3c0758f3
docs/orders/evidence/golden-baseline/g2/logs/21-matrix-07-one-skin.txt	f5ab6b3f8391878e5ccf8d7ab703841d1cd56c52
docs/orders/evidence/golden-baseline/g2/logs/21-matrix-08-observe-door.txt	26dbbb491cdb4b255c89d26699434aea9591450b
docs/orders/evidence/golden-baseline/g2/logs/21-matrix-09-kernel-sole-writer-app.txt	01fe848bf9d1e081a355539fa057f15572504f02
docs/orders/evidence/golden-baseline/g2/logs/21-matrix-10-repo-shape.txt	467dc69fe629c23741299fdc10c778ed557d1ec6
docs/orders/evidence/golden-baseline/g2/logs/21-matrix-11-doc-links.txt	5894bb2b75f5b14df399831738c80c3f7810cde1
docs/orders/evidence/golden-baseline/g2/logs/21-matrix-12-rung-ladder.txt	89c7496da5e4e95ffa9b8e5310f8cc1c7c227e2d
docs/orders/evidence/golden-baseline/g2/logs/21-matrix-13-atlas-generate-check.txt	b1a29c0202ea6762f8d58cb72e828332bed88c83
docs/orders/evidence/golden-baseline/g2/logs/21-matrix-14-atlas-falsifiers.txt	e1fa868fede8b54bca203eefd61aa1177f30b0ad
docs/orders/evidence/golden-baseline/g2/logs/21-matrix-15-atlas-ratchet.txt	4d63ee7275b506d60e9bdc3b758e924a68da9cee
docs/orders/evidence/golden-baseline/g2/logs/21-matrix-16-electron-build.txt	94d0a97e56791ee32d62baea4c3128b040eb7741
docs/orders/evidence/golden-baseline/g2/logs/21-matrix-17-deletion-build-census.txt	bf6c0bba31da6122e7c7d2f3b8d291730efd5e54
docs/orders/evidence/golden-baseline/g2/logs/21-matrix-18-atlas-reach-causal-diff-corrected.txt	f73e97bf22971754a017a0d53330576ce3e73129
docs/orders/evidence/golden-baseline/g2/logs/21-matrix-18-atlas-reach-causal-diff-refresh.txt	f397b3837b0e8eb4bae3645a57e15abb8311e679
docs/orders/evidence/golden-baseline/g2/logs/21-matrix-18-atlas-reach-causal-diff.txt	c4a22bdf113f44e0540823895e4722561c327d56
docs/orders/evidence/golden-baseline/g2/logs/21-matrix-19-diff-check.txt	c5279083712a760b983b9ae777454d2101016e23
docs/orders/evidence/golden-baseline/g2/logs/21-matrix-20-cached-diff-check-corrected.txt	48ca112a315122fb49a580cdf38d67675c2d1dda
docs/orders/evidence/golden-baseline/g2/logs/21-matrix-20-cached-diff-check.txt	7283bc3e9ccefc13f80ddddbbe9876d1124e3c35
docs/orders/evidence/golden-baseline/g2/logs/21-matrix-21-process-census.txt	3beab19eecefc47ce37e7dd98fa8248a7a023f48
docs/orders/evidence/golden-baseline/g2/logs/21-package-install-test.txt	7d4c86809135eeff62a6a7e12166068ceca1edf1
docs/orders/evidence/golden-baseline/g2/logs/falsifier-bytes-identity.txt	b675face7120255278b7a5b09b2cb6b167559d9a
docs/orders/evidence/golden-baseline/g2/logs/falsifier-hash-identity.txt	7e484ca0f920e8ac6aaefb880a9a165eff5809d1
docs/orders/evidence/golden-baseline/g2/logs/falsifier-kind.txt	9b06a329006d31e0c91ce6569f41bef3e04d0687
docs/orders/evidence/golden-baseline/g2/logs/falsifier-producer-link-count.txt	10b339f11ab03e1015d35760261ade0a15bd933e
docs/orders/evidence/golden-baseline/g2/logs/falsifier-producer-link-identity.txt	a3180e4cf075b8f5c490440e010e6a77cb24011f
docs/orders/evidence/golden-baseline/g2/logs/falsifier-report-refusal.txt	6189562a77a82d91b7b74ee8b5108995284faa03
docs/orders/evidence/golden-baseline/g2/logs/falsifier-root-confinement.txt	06dd2dc7c2e2fbfd489b1433fff34edbe5974cea
docs/orders/evidence/golden-baseline/g2/logs/falsifier-storage-ref-identity.txt	007105fcaaff1eaba49535227f640341e55bd948
docs/orders/evidence/golden-baseline/g2/logs/observe-repair-atlas-causal-diff.txt	8f3bcd00dba8703f0fd884a156c0cecbbb93ba33
docs/orders/evidence/golden-baseline/g2/logs/observe-repair-atlas-generate-check-pass.txt	ee9eddc4f11a4f449f873d62a38f2a749742b6ff
docs/orders/evidence/golden-baseline/g2/logs/observe-repair-atlas-generate-check.txt	e73cd27059deef2f2f2fd14523c724d1a65c5383
docs/orders/evidence/golden-baseline/g2/logs/observe-repair-atlas-generate.txt	7a523d91baaaf49e339fdc5be9d2aa4441864bb8
docs/orders/evidence/golden-baseline/g2/logs/observe-repair-falsifier-json-tools-reference.txt	01ff6a45c8d2a1a65f2040332c830e35032d5240
docs/orders/evidence/golden-baseline/g2/logs/observe-repair-falsifier-production-observe-ticket.txt	e455593d61aaaf9a345b2a71aef830fa9742fcb0
docs/orders/evidence/golden-baseline/g2/logs/observe-repair-falsifier-qa-generate-mcp.txt	e83113bac8c8aeeb1f0db63412a6c1becb37cf67
docs/orders/evidence/golden-baseline/g2/logs/observe-repair-matrix-01.txt	c767218fea9d28465000159a027bf9618225e1af
docs/orders/evidence/golden-baseline/g2/logs/observe-repair-matrix-02.txt	45b08286c401a9e1ed95e3cec8d160cb426e3b05
docs/orders/evidence/golden-baseline/g2/logs/observe-repair-matrix-03.txt	50a86be524c90e2e0a4384c15ec501d8939baca8
docs/orders/evidence/golden-baseline/g2/logs/observe-repair-matrix-04.txt	c0c7932fca266e69afb1e50f9ae872ec609299ce
docs/orders/evidence/golden-baseline/g2/logs/observe-repair-matrix-05.txt	1ea16192cec35a0580257fcb139344a8b7ca5014
docs/orders/evidence/golden-baseline/g2/logs/observe-repair-matrix-06.txt	3c05c1a3ad888c7892e56bb5b0073b5c59041495
docs/orders/evidence/golden-baseline/g2/logs/observe-repair-matrix-07.txt	29aabb21ec6f85e4cb9e0737046b2c805334c0ec
docs/orders/evidence/golden-baseline/g2/logs/observe-repair-matrix-08.txt	ee8628682c67736a3de5fc3139d92e8be14082ac
docs/orders/evidence/golden-baseline/g2/logs/observe-repair-matrix-09.txt	9b78c8c6832271e5fc48b21d291135628ff7f7b9
docs/orders/evidence/golden-baseline/g2/logs/observe-repair-matrix-10.txt	7f3d5907e705f7e6eb08178bee4a31ac4563d306
docs/orders/evidence/golden-baseline/g2/logs/observe-repair-matrix-11.txt	050b645cd715baf07175a9e9f39a8b7c75d2541a
docs/orders/evidence/golden-baseline/g2/logs/observe-repair-matrix-12.txt	acc28ef066f7681c4bd52d890cf2061a7d76a048
docs/orders/evidence/golden-baseline/g2/logs/observe-repair-matrix-13.txt	c6027979b3adb4c66c8ee4942e6bd43d25454075
docs/orders/evidence/golden-baseline/g2/logs/observe-repair-new-surface.txt	029529b56a944628f1ec27c5344b5fbae45e94a9
docs/orders/evidence/golden-baseline/g2/logs/observe-repair-observe-door.txt	a623255a12e40a9409904499b6d026944bfff543
docs/orders/evidence/golden-baseline/g2/logs/observe-repair-tool-plane.txt	1c6bfce779e66b484bdc325c3f838395822b0dfe
docs/orders/evidence/golden-baseline/g2/reach-after.tsv	4d2c751a52f58124da4e95313f1460942d7bf28c
docs/orders/evidence/golden-baseline/g2/reach-before.tsv	17f10428441ce5cedc6f7ae46d4122303ebda490
docs/orders/evidence/golden-baseline/g3/AFTER.md	8e47a08e02199b0efe4c2f5bdcc2f5d0134b963d
docs/orders/evidence/golden-baseline/g3/BEFORE.md	2480acea0406ef4152013e5032b59f9b6ec1d483
docs/orders/evidence/golden-baseline/g3/CLEANUP-RECEIPT.md	1734690855d17f702b82ed8e46c6fcf858d99d32
docs/orders/evidence/golden-baseline/g3/COMMANDS.tsv	e8869e4928033e5f4e10a4922c5e306b0b7ffde4
docs/orders/evidence/golden-baseline/g3/GROUP-ACCEPTANCE.md	b81e88eb1c2a747cbaa67ea88128ad1488be8462
docs/orders/evidence/golden-baseline/g3/IGNORED-DESCENDANTS-BEFORE.tsv	c2bb6831a2d262ec4bfe110a3b19229aafe13a80
docs/orders/evidence/golden-baseline/g3/LIFECYCLE-FIXTURE-READER.md	f59fdf70d8a33fefe4eab4b70cf0dfeebee05c10
docs/orders/evidence/golden-baseline/g3/PARTIAL-CLEANUP-STATE.tsv	41bc38b34cff97277c409a369e62665610595ac2
docs/orders/evidence/golden-baseline/g3/READER-ACCEPTANCE.md	37d57c69a57a0b1e5108383d5fcef3539f1fe40b
docs/orders/evidence/golden-baseline/g3/READER-ROUND-1.md	8c51ccb63bb6114816394b44d3014cc2dd758785
docs/orders/evidence/golden-baseline/g3/READER-ROUND-2.md	c8a57f8738a6872c8635313c17bdbdfbaa09e5d6
docs/orders/evidence/golden-baseline/g3/REFERENCES-AFTER.tsv	5266ec61637724cb3db3c403a48d7d2140348fbb
docs/orders/evidence/golden-baseline/g3/REFERENCES-BEFORE.tsv	fa6b42e6aa2f7d54020b1225a37f0c06e7164aae
docs/orders/evidence/golden-baseline/g3/REMOVED-PATHS.tsv	6bf8f8398701b7a12948181046b0b3ff6d2ab227
docs/orders/evidence/golden-baseline/g3/SEMANTIC-PRESERVATION-READER.md	b1372052ed01eae11191241c746fa0bbbc4ebce3
docs/orders/evidence/golden-baseline/g3/TEMP-ROOTS-BEFORE.txt	32de6e702448f25be6785d73d518e816fd288c46
docs/orders/evidence/golden-baseline/g3/VERIFIER-ACCEPTANCE.md	2dd330466f53b5ec9c149e595545eb6eece9c13a
docs/orders/evidence/golden-baseline/g4/AFTER.md	a0266577e955cda806383a6fc6a4e3051fb86b58
docs/orders/evidence/golden-baseline/g4/BEFORE.md	eed307cc893401f496a184de2f25ed09add531fb
docs/orders/evidence/golden-baseline/g4/BUILD-BASE.json	26ea6f472f844ba93de99a7bb5881acc83d26258
docs/orders/evidence/golden-baseline/g4/BUILD-OUTPUT-BEFORE.tsv	900d1f6b26061a6ce7132c740a70faa5ca4099e5
docs/orders/evidence/golden-baseline/g4/G4-READER-ACCEPTANCE.md	f175e87a09efe018a8fad116797f711d0d00a50a
docs/orders/evidence/golden-baseline/g4/G4-ROUTE-TIMING-READER.md	294db2e5d26361f84b9ef24a54e84bc6857b5c3c
docs/orders/evidence/golden-baseline/g4/GROUP-ACCEPTANCE.md	e0c8886dc1160872c760bfd43f9943dbaf6c6075
docs/orders/evidence/golden-baseline/g4/KERNEL-DEFINITIONS-BEFORE.json	039c626686ee2818a0188c42d74c5696d8a8b6c3
docs/orders/evidence/golden-baseline/g4/MATRIX-AFTER.tsv	dfeb70f7f6209e0db7173ddf11dc79a0ecb2a7f7
docs/orders/evidence/golden-baseline/g4/MATRIX-BEFORE.tsv	978a7dc2d8b350d40c49269bbf5bc7de5b9a664d
docs/orders/evidence/golden-baseline/g4/PACKAGE-STAGING-AFTER.tsv	15e14e232d63d20d714b53742cbda4b663458b7a
docs/orders/evidence/golden-baseline/g4/PACKAGE-STAGING-BEFORE.tsv	29da2080005883c8286baa450315a2d51f50845d
docs/orders/evidence/golden-baseline/g4/READER-ROUND-1.md	db3509bfd6e49a44e2fde628079081c5839a54e9
docs/orders/evidence/golden-baseline/g4/READER-ROUND-2.md	bd9bf5350ef5cc82488047f72c161609202849f9
docs/orders/evidence/golden-baseline/g4/REFERENCES-BEFORE.tsv	51b8823882937733f95b15c35dbba9df3a56856a
docs/orders/evidence/golden-baseline/g4/ROUTES-AFTER.json	b473bccefccc6b6eeb4b178104fd98d60ddae9a8
docs/orders/evidence/golden-baseline/g4/ROUTES-BEFORE.json	eba2ce8aa94259cd3271ac2c3ac74a3224f55126
docs/orders/evidence/golden-baseline/g4/RUNTIME-PROOF-BEFORE.tsv	cdbe2d5d537ce3b6f7ba188d81ad25ef6000005a
docs/orders/evidence/golden-baseline/g4/VERIFIER-ACCEPTANCE.md	beadb7e459252380f4591bd085b703af75cfd63c
docs/orders/evidence/golden-baseline/g5/AFTER.md	af8c4275cd54eeb3f6d49a46d8e142e7b833bc81
docs/orders/evidence/golden-baseline/g5/BEFORE.md	22ee62d2e7efc7f4aec5fe95b435af1ac2033677
docs/orders/evidence/golden-baseline/g5/COMMANDS.tsv	1bbca4de5118884d217d4fa613bf53057992128c
docs/orders/evidence/golden-baseline/g5/FALSIFIERS.tsv	1292e0573f773ca62418232ef27ad1bb5cdb0518
docs/orders/evidence/golden-baseline/g5/GROUP-ACCEPTANCE.md	f98444c2422a197461c83565e4df7bb91c9eb87d
docs/orders/evidence/golden-baseline/g5/READER-ACCEPTANCE.md	d17bdb04cc8d7461d07555d8bc65756c7e2398d7
docs/orders/evidence/golden-baseline/g5/VERIFIER-ACCEPTANCE.md	77d3e2c5a6d55d7bb9a8ef66991b231cf3722eb3
docs/orders/evidence/golden-baseline/g6/AFTER.md	145f16c08386253f339946ab029bd05c569f5ca3
docs/orders/evidence/golden-baseline/g6/BEFORE.md	1bfcd5ea703e3a307498cebf5b61cdecc6324808
docs/orders/evidence/golden-baseline/g6/COMMANDS.tsv	92751119c4700a49ed397cf9a2edc64a96197a1a
docs/orders/evidence/golden-baseline/g6/FALSIFIERS.tsv	b26800444bad8d5d020e409cb8c7651d8578751f
docs/orders/evidence/golden-baseline/g6/GROUP-ACCEPTANCE.md	b8691341e9033d954dda6ac3515ca7b3d6e5514f
docs/orders/evidence/golden-baseline/g6/READER-ACCEPTANCE.md	c8f915cec3a6d6679a4a13663af8891b14045322
docs/orders/evidence/golden-baseline/g6/STARTING-MATRIX.tsv	3490bda08bdbaff445204e3878da74367851a314
docs/orders/evidence/golden-baseline/g6/VERIFIER-ACCEPTANCE.md	6ceb545144e21d92fe5776cc52e06493edf4c2ff
docs/orders/evidence/golden-baseline/g7/AFTER.md	b8ed22c7d8a5b3853695ebb4c4f1a40f6a9861ac
docs/orders/evidence/golden-baseline/g7/BASELINE.md	b0545ba9aaddf9b190149315d0ad4b79bae8419f
docs/orders/evidence/golden-baseline/g7/BEFORE.md	0fddfef2ac6ddedffc2a6590e4b6e62bcfc428de
docs/orders/evidence/golden-baseline/g7/CANDIDATE-LEDGER.tsv	474506e6b41054b7065ddf508c2d4457d2b00272
docs/orders/evidence/golden-baseline/g7/COMMANDS.tsv	a7ddb3418400e757d32ac40855aff23808cdc1f6
docs/orders/evidence/golden-baseline/g7/FALSIFIERS.tsv	b319ee4825192997306b22c13ff065c19be7df16
docs/orders/evidence/golden-baseline/g7/GROUP-ACCEPTANCE.md	b1cf61008b131832c2b1f1f7f7a24b0b295c4eeb
docs/orders/evidence/golden-baseline/g7/READER-ACCEPTANCE.md	580365aa1d59e9eba0a5e0726d9998f93d6b7f17
docs/orders/evidence/golden-baseline/g7/VERIFIER-ACCEPTANCE.md	4c2350aedb15222229de9a9a5b039a3153e19109
docs/orders/evidence/golden-baseline/g8/AFTER.md	ee29b79a64dc861897ccfd55a5a4ddd022268b2e
docs/orders/evidence/golden-baseline/g8/BASELINE.md	87e7fd7e9f1714a6e2e0b3e4e489a3573ac3bc10
docs/orders/evidence/golden-baseline/g8/BEFORE.md	8819b38d342e90ae2e5f542649558cd97dc2a182
docs/orders/evidence/golden-baseline/g8/CANDIDATE-LEDGER.tsv	c04c2d378d947d732e81f929604dc68b6f59bd67
docs/orders/evidence/golden-baseline/g8/COMMANDS.tsv	1471d4787f8af5a2aa932f11e961a1b3c8d15cf1
docs/orders/evidence/golden-baseline/g8/FALSIFIERS.tsv	30958c65a908d6c06155f9123fac3ebb3088472f
docs/orders/evidence/golden-baseline/g8/GROUP-ACCEPTANCE.md	a8d0b4f1ae1fa61e4ff667798d85153d9f49964f
docs/orders/evidence/golden-baseline/g8/READER-ACCEPTANCE.md	f5b03ffd105594b87e13326b0cebf37e0f3a5d6d
docs/orders/evidence/golden-baseline/g8/REPAIR-BUILDER-RECEIPT.md	cb8dd08775d755e2229b4305a6528867817cf9ae
docs/orders/evidence/golden-baseline/g8/VERIFIER-ACCEPTANCE.md	9484f235f47022cd72870c01f5dce7264d7f8ae7
docs/orders/evidence/golden-baseline/g9-prereq/PREREQUISITE-ACCEPTANCE.md	7f25905536ee0ac8d7e4cdaf2b297fb763ecce3b
docs/orders/evidence/golden-baseline/g9-prereq/READER-ACCEPTANCE.md	43f32d39e3f6c8eefd5a9cafb801a97f62bdc8e8
docs/orders/evidence/golden-baseline/g9-prereq/STARTING-MATRIX.md	85c7fb2d2b965c4645c2d509f5f47060d0538520
docs/orders/evidence/golden-baseline/g9-prereq/VERIFIER-PASS.md	0001dbf5f4efc31509dea9a28ccf326fbcf4572d
docs/orders/evidence/golden-baseline/g9-prereq/candidate/SHA256SUMS	f3ed44e968adec9628d561a1c47d7d3299ea5609
docs/orders/evidence/golden-baseline/g9-prereq/candidate/artifact-root.candidate.stderr.log	b9ff4d1700fcd7faa86b559172cbc298eaf98e94
docs/orders/evidence/golden-baseline/g9-prereq/candidate/artifact-root.candidate.stdout.log	0ae23f22184d696eff2e95dbf25491f9484803e9
docs/orders/evidence/golden-baseline/g9-prereq/candidate/collab-electron-tsc.stderr.log	e69de29bb2d1d6434b8b29ae775ad8c2e48c5391
docs/orders/evidence/golden-baseline/g9-prereq/candidate/collab-electron-tsc.stdout.log	e69de29bb2d1d6434b8b29ae775ad8c2e48c5391
docs/orders/evidence/golden-baseline/g9-prereq/candidate/falsifiers/bytes-identity.stderr.log	c7c0bf3362a0a3ce99df5ebced69cbfc931b27d5
docs/orders/evidence/golden-baseline/g9-prereq/candidate/falsifiers/bytes-identity.stdout.log	6e813587708d27f440fa9721dec4b8e424e3f483
docs/orders/evidence/golden-baseline/g9-prereq/candidate/falsifiers/hash-identity.stderr.log	0dfa7939102209d712ab65cea40c9b6e405401bc
docs/orders/evidence/golden-baseline/g9-prereq/candidate/falsifiers/hash-identity.stdout.log	cac438f91670641ffc99f34bd0f5bb0ccb9bb87f
docs/orders/evidence/golden-baseline/g9-prereq/candidate/falsifiers/kind.stderr.log	ba5f5dec922f2964dcebf99209dbf53949abf89c
docs/orders/evidence/golden-baseline/g9-prereq/candidate/falsifiers/kind.stdout.log	cab1b93c6e250d1fd57919890ab9396d7ed64a8b
docs/orders/evidence/golden-baseline/g9-prereq/candidate/falsifiers/producer-link-count.stderr.log	3afbc8f3a291264e66bd8d8d756a64a588dd19c6
docs/orders/evidence/golden-baseline/g9-prereq/candidate/falsifiers/producer-link-count.stdout.log	d00863893e770a46a9502ed66c0c337f778a9eb1
docs/orders/evidence/golden-baseline/g9-prereq/candidate/falsifiers/producer-link-identity.stderr.log	25d7abebcd3b0df3cff9411a2661e66e4bfa2840
docs/orders/evidence/golden-baseline/g9-prereq/candidate/falsifiers/producer-link-identity.stdout.log	ba9680b121674e6b1d0ce044bcee8f89da37ed71
docs/orders/evidence/golden-baseline/g9-prereq/candidate/falsifiers/report-refusal.stderr.log	464ac9494a76039a51052ca3a629ee534b8d08d3
docs/orders/evidence/golden-baseline/g9-prereq/candidate/falsifiers/report-refusal.stdout.log	5469b9732f6d33fb7243567fc517be779215a805
docs/orders/evidence/golden-baseline/g9-prereq/candidate/falsifiers/root-confinement.stderr.log	1c0556b2245925919d93bf22026f70d103ea02cf
docs/orders/evidence/golden-baseline/g9-prereq/candidate/falsifiers/root-confinement.stdout.log	fa44d46603faf19ec8171d145b2196fc4f0aa808
docs/orders/evidence/golden-baseline/g9-prereq/candidate/falsifiers/storage-ref-identity.stderr.log	3bbfd62410b0413538833118e38e3eb31fb00ec3
docs/orders/evidence/golden-baseline/g9-prereq/candidate/falsifiers/storage-ref-identity.stdout.log	31107a7a5a0a52af8f3f71c3d56257d358fb8783
docs/orders/evidence/golden-baseline/g9-prereq/candidate/git-diff-check-precommit.log	73a7b39c4d1a5f101d517041cb100b4bf278a64f
docs/orders/evidence/golden-baseline/g9-prereq/candidate/matrix/atlas-generate-check.stderr.log	e69de29bb2d1d6434b8b29ae775ad8c2e48c5391
docs/orders/evidence/golden-baseline/g9-prereq/candidate/matrix/atlas-generate-check.stdout.log	df65e882cf861b09f2cb5adf7b32b5eee31c0e6e
docs/orders/evidence/golden-baseline/g9-prereq/candidate/matrix/atlas-generate-final.stderr.log	e69de29bb2d1d6434b8b29ae775ad8c2e48c5391
docs/orders/evidence/golden-baseline/g9-prereq/candidate/matrix/atlas-generate-final.stdout.log	2ebc3d91f34d5cb1a5f72c58acd7c38548ff7d27
docs/orders/evidence/golden-baseline/g9-prereq/candidate/matrix/atlas-generate.stderr.log	e69de29bb2d1d6434b8b29ae775ad8c2e48c5391
docs/orders/evidence/golden-baseline/g9-prereq/candidate/matrix/atlas-generate.stdout.log	de97364762d3cdca330a655bb5bb3e6ef2af8015
docs/orders/evidence/golden-baseline/g9-prereq/candidate/matrix/atlas-ratchet-final.stderr.log	e69de29bb2d1d6434b8b29ae775ad8c2e48c5391
docs/orders/evidence/golden-baseline/g9-prereq/candidate/matrix/atlas-ratchet-final.stdout.log	4f00b4cf8c37cd4fe2503328e7eda7e9539d6dc3
docs/orders/evidence/golden-baseline/g9-prereq/candidate/matrix/atlas-ratchet.stderr.log	e69de29bb2d1d6434b8b29ae775ad8c2e48c5391
docs/orders/evidence/golden-baseline/g9-prereq/candidate/matrix/atlas-ratchet.stdout.log	7696e0c8ab2e2b13a14a07624032f69d98a83b85
docs/orders/evidence/golden-baseline/g9-prereq/candidate/matrix/governed-review.stderr.log	6d56ab6cb12908a642b339b5a97fb240bd3f353c
docs/orders/evidence/golden-baseline/g9-prereq/candidate/matrix/governed-review.stdout.log	dff3af126084701dd42bdf91816ad3a4aa003f73
docs/orders/evidence/golden-baseline/g9-prereq/candidate/matrix/kernel-one-path.stderr.log	90c266142835efdf816b839ca35ef51214467c06
docs/orders/evidence/golden-baseline/g9-prereq/candidate/matrix/kernel-one-path.stdout.log	4c6eed621e7c75d3ddcfe1aba23ac9da7755e332
docs/orders/evidence/golden-baseline/g9-prereq/candidate/matrix/kernel-sole-writer.stderr.log	e69de29bb2d1d6434b8b29ae775ad8c2e48c5391
docs/orders/evidence/golden-baseline/g9-prereq/candidate/matrix/kernel-sole-writer.stdout.log	c04a1844ec9d9ec80f40b5ca0867195a731996e2
docs/orders/evidence/golden-baseline/g9-prereq/repair-candidate/SHA256SUMS	c810136f07ea5e05e6350203836ad326e9e14037
docs/orders/evidence/golden-baseline/g9-prereq/repair-candidate/artifact-root.repair.stderr.log	2303c44f394a47de8dd94063d66277d374b68584
docs/orders/evidence/golden-baseline/g9-prereq/repair-candidate/artifact-root.repair.stdout.log	bb10e55692ca35b07e64108e7454ced0f89b423d
docs/orders/evidence/golden-baseline/g9-prereq/repair-candidate/falsifiers/bytes-identity.stderr.log	8fdaa6e5df9e792559bcea2bc38c993c134ddbfd
docs/orders/evidence/golden-baseline/g9-prereq/repair-candidate/falsifiers/bytes-identity.stdout.log	06ff32143084d867df519ddff9c2a21f9d27b0a3
docs/orders/evidence/golden-baseline/g9-prereq/repair-candidate/falsifiers/exits.log	bc790443c2f415858d4b870bb89459e41cb34a16
docs/orders/evidence/golden-baseline/g9-prereq/repair-candidate/falsifiers/hash-identity.stderr.log	d82ca015fdb4921edb8c87268b40729f63ca1de8
docs/orders/evidence/golden-baseline/g9-prereq/repair-candidate/falsifiers/hash-identity.stdout.log	52b3866b901abedcb7e34cb5556c0b56c96f735f
docs/orders/evidence/golden-baseline/g9-prereq/repair-candidate/falsifiers/kind.stderr.log	a62dc7b2278e4bbb069e61d368e71b3f3aa7c3e5
docs/orders/evidence/golden-baseline/g9-prereq/repair-candidate/falsifiers/kind.stdout.log	65e3303b9fd56d12edf3b462a54113af3c2ff4de
docs/orders/evidence/golden-baseline/g9-prereq/repair-candidate/falsifiers/producer-link-count.stderr.log	3283cb7fed11171402e1a8205b49776da8d08787
docs/orders/evidence/golden-baseline/g9-prereq/repair-candidate/falsifiers/producer-link-count.stdout.log	a0e926e58543062dc452f97f8f1396fb4689e7f7
docs/orders/evidence/golden-baseline/g9-prereq/repair-candidate/falsifiers/producer-link-identity.stderr.log	061f8cdb98aba881f1b97b596a91f924de9a5b77
docs/orders/evidence/golden-baseline/g9-prereq/repair-candidate/falsifiers/producer-link-identity.stdout.log	42d1be60ffe3a972ab2c41e329ed66c2370fd10a
docs/orders/evidence/golden-baseline/g9-prereq/repair-candidate/falsifiers/report-refusal.stderr.log	7541f37f5522778425ef7f3ae6750f0c750e9169
docs/orders/evidence/golden-baseline/g9-prereq/repair-candidate/falsifiers/report-refusal.stdout.log	830894223f5c8282526ebfc64d38dc748b5ba2c6
docs/orders/evidence/golden-baseline/g9-prereq/repair-candidate/falsifiers/root-confinement.stderr.log	63bcaefaaf99cefb0d9d0132bc4f1a2f042ce976
docs/orders/evidence/golden-baseline/g9-prereq/repair-candidate/falsifiers/root-confinement.stdout.log	79ab1f3b7bca833a41b66558afa071cb2c35f829
docs/orders/evidence/golden-baseline/g9-prereq/repair-candidate/falsifiers/storage-ref-identity.stderr.log	47089b84aba1a0a76b84d06f7bd2c15289ad5e93
docs/orders/evidence/golden-baseline/g9-prereq/repair-candidate/falsifiers/storage-ref-identity.stdout.log	4fd2c286741de68215f8843de5c69b4bfa04bbb5
docs/orders/evidence/golden-baseline/g9-prereq/repair-candidate/git-diff-check-precommit.log	943a6f3a2c61148127280543790be1df860c9616
docs/orders/evidence/golden-baseline/g9-prereq/repair-candidate/matrix/atlas-generate-check.stderr.log	e69de29bb2d1d6434b8b29ae775ad8c2e48c5391
docs/orders/evidence/golden-baseline/g9-prereq/repair-candidate/matrix/atlas-generate-check.stdout.log	df65e882cf861b09f2cb5adf7b32b5eee31c0e6e
docs/orders/evidence/golden-baseline/g9-prereq/repair-candidate/matrix/atlas-generate-final.stderr.log	e69de29bb2d1d6434b8b29ae775ad8c2e48c5391
docs/orders/evidence/golden-baseline/g9-prereq/repair-candidate/matrix/atlas-generate-final.stdout.log	2ebc3d91f34d5cb1a5f72c58acd7c38548ff7d27
docs/orders/evidence/golden-baseline/g9-prereq/repair-candidate/matrix/atlas-generate.stderr.log	e69de29bb2d1d6434b8b29ae775ad8c2e48c5391
docs/orders/evidence/golden-baseline/g9-prereq/repair-candidate/matrix/atlas-generate.stdout.log	de97364762d3cdca330a655bb5bb3e6ef2af8015
docs/orders/evidence/golden-baseline/g9-prereq/repair-candidate/matrix/atlas-ratchet-final.stderr.log	e69de29bb2d1d6434b8b29ae775ad8c2e48c5391
docs/orders/evidence/golden-baseline/g9-prereq/repair-candidate/matrix/atlas-ratchet-final.stdout.log	1b5e65bb2795790f1776644f9340568e3eb1dd83
docs/orders/evidence/golden-baseline/g9-prereq/repair-candidate/matrix/atlas-ratchet.stderr.log	e69de29bb2d1d6434b8b29ae775ad8c2e48c5391
docs/orders/evidence/golden-baseline/g9-prereq/repair-candidate/matrix/atlas-ratchet.stdout.log	1b5e65bb2795790f1776644f9340568e3eb1dd83
docs/orders/evidence/golden-baseline/g9-prereq/repair-candidate/matrix/collab-electron-tsc.stderr.log	e69de29bb2d1d6434b8b29ae775ad8c2e48c5391
docs/orders/evidence/golden-baseline/g9-prereq/repair-candidate/matrix/collab-electron-tsc.stdout.log	e69de29bb2d1d6434b8b29ae775ad8c2e48c5391
docs/orders/evidence/golden-baseline/g9-prereq/repair-candidate/matrix/exits.log	9d2ecdd150d055126632db616425ab2aa4235b99
docs/orders/evidence/golden-baseline/g9-prereq/repair-candidate/matrix/governed-review.stderr.log	9ae499e2f565a74733f234a245fb5f7e6b978ebd
docs/orders/evidence/golden-baseline/g9-prereq/repair-candidate/matrix/governed-review.stdout.log	dff3af126084701dd42bdf91816ad3a4aa003f73
docs/orders/evidence/golden-baseline/g9-prereq/repair-candidate/matrix/kernel-one-path.stderr.log	90c266142835efdf816b839ca35ef51214467c06
docs/orders/evidence/golden-baseline/g9-prereq/repair-candidate/matrix/kernel-one-path.stdout.log	4c6eed621e7c75d3ddcfe1aba23ac9da7755e332
docs/orders/evidence/golden-baseline/g9-prereq/repair-candidate/matrix/kernel-sole-writer.stderr.log	e69de29bb2d1d6434b8b29ae775ad8c2e48c5391
docs/orders/evidence/golden-baseline/g9-prereq/repair-candidate/matrix/kernel-sole-writer.stdout.log	c04a1844ec9d9ec80f40b5ca0867195a731996e2
docs/orders/evidence/golden-baseline/g9-prereq/starting-matrix/SHA256SUMS.tsv	24a723f69e78c99dd408c4c4d1e0a5a78910cec4
docs/orders/evidence/golden-baseline/g9-prereq/starting-matrix/artifact-root.starting-sha.stderr.log	3d141a0e5bc4ea4715601199b6962322778a4435
docs/orders/evidence/golden-baseline/g9-prereq/starting-matrix/artifact-root.starting-sha.stdout.log	573b869ccfb3b5b007be5e7e36af9a357d1c019c
docs/orders/evidence/golden-baseline/g9-prereq/starting-matrix/atlas-falsify-exact-rerun.log	e0f4ad831c8cac8482eca6f91d7bf76d467c60bb
docs/orders/evidence/golden-baseline/g9-prereq/starting-matrix/atlas-generate-check.log	df65e882cf861b09f2cb5adf7b32b5eee31c0e6e
docs/orders/evidence/golden-baseline/g9-prereq/starting-matrix/atlas-ratchet.log	4f00b4cf8c37cd4fe2503328e7eda7e9539d6dc3
docs/orders/evidence/golden-baseline/g9-prereq/starting-matrix/dependency-bootstrap.stdout.log	8a2c65dd6ae38b9cb46a823413df8f24e720655f
docs/orders/evidence/golden-baseline/g9-prereq/starting-matrix/falsifiers.json	0cfa10972c7e14ef46604ebee0b064546b7c9a7b
docs/orders/evidence/golden-baseline/g9-prereq/starting-matrix/governed-review.stderr.log	5604999aed4785b2916655be5d0901490edca11c
docs/orders/evidence/golden-baseline/g9-prereq/starting-matrix/governed-review.stdout.log	dff3af126084701dd42bdf91816ad3a4aa003f73
docs/orders/evidence/golden-baseline/g9-prereq/starting-matrix/kernel-one-path.stderr.log	90c266142835efdf816b839ca35ef51214467c06
docs/orders/evidence/golden-baseline/g9-prereq/starting-matrix/kernel-one-path.stdout.log	4c6eed621e7c75d3ddcfe1aba23ac9da7755e332
docs/orders/evidence/golden-baseline/g9-prereq/starting-matrix/kernel-sole-writer.stdout.log	c04a1844ec9d9ec80f40b5ca0867195a731996e2
docs/orders/evidence/golden-baseline/g9/BUILDER-REPORT.md	755acfa70fbe7afff64735456f360026751106e4
docs/orders/evidence/golden-baseline/g9/BUILDER-STARTING-MANIFEST.md	9cdd9651f9750550603f0357dc55b3ce0be51d08
docs/orders/evidence/golden-baseline/g9/BUILDER-STARTING-MATRIX.md	1e0c99b3dc98d0197fc634490f48662bb25790c1
docs/orders/evidence/golden-baseline/g9/CLOSURE-VERIFIER-ACCEPTANCE.md	15be9621ad4d1c92c84da667ba8091d3b0e8d034
docs/orders/evidence/golden-baseline/g9/FINAL-CLOSURE-BUILDER-CHANGED-MANIFEST.md	645be9a5258b9e816bc04608e3a0636346c2afc6
docs/orders/evidence/golden-baseline/g9/FINAL-CLOSURE-BUILDER-EVIDENCE-HEAD.md	6a00efa320757a429a8e9bce8c5c278c6e6456a2
docs/orders/evidence/golden-baseline/g9/FINAL-CLOSURE-BUILDER-MATRIX.md	52250082212605d13d41f322bba5e65d4212184f
docs/orders/evidence/golden-baseline/g9/FINAL-CLOSURE-BUILDER-REPORT.md	9c88ae82964d101b8baf9630988e08d0ae496868
docs/orders/evidence/golden-baseline/g9/FINAL-CLOSURE-BUILDER-STARTING-MANIFEST.md	f55e369637b9061ddfbf3a7c9da162f3b2eb0bc0
docs/orders/evidence/golden-baseline/g9/FINAL-REPAIR-BUILDER-CHANGED-MANIFEST.md	7275e4a3b51f873189f54321122c7d7b58b8e22f
docs/orders/evidence/golden-baseline/g9/FINAL-REPAIR-BUILDER-EVIDENCE-HEAD.md	4ffa8f089cd6321d060acc8e07439ac46866bc2b
docs/orders/evidence/golden-baseline/g9/FINAL-REPAIR-BUILDER-MATRIX.md	2c552fe9a6aabc84b2597f783395f8c93f259954
docs/orders/evidence/golden-baseline/g9/FINAL-REPAIR-BUILDER-REPORT.md	692135b127e5ec3772eaec100915ee0ab052572b
docs/orders/evidence/golden-baseline/g9/FINAL-REPAIR-BUILDER-STARTING-MANIFEST.md	69af0dcf50cb2c2e0f93edbb050267c5570019e4
docs/orders/evidence/golden-baseline/g9/G9-PREREQUISITE-BUILDER-RECEIPT-20260829.md	3a03f46cc360c116398aecc8435fcc66c9f8aa12
docs/orders/evidence/golden-baseline/g9/G9-PUBLICATION-FINALIZATION-DIRECT-20260829.txt	e67d2d3e4a1bf087aabeba936ad2127b73dbf435
docs/orders/evidence/golden-baseline/g9/G9-PUBLICATION-FINALIZATION-ELEVATED-20260829.txt	54df16d0edbaa88e1deb4d6184e95d4b662b55d3
docs/orders/evidence/golden-baseline/g9/GROUP-ACCEPTANCE.md	a4a8c076e9eb260f0ae9e2efd87b684b33f244d5
docs/orders/evidence/golden-baseline/g9/READER-ACCEPTANCE.md	5cfabeb1db60a34ffba356d42fc4f0c1588441f4
docs/orders/evidence/golden-baseline/g9/REPAIR-BUILDER-BRIEF.md	cd0083b088ce4ca1d29d560683b25d8ecc42e722
docs/orders/evidence/golden-baseline/g9/REPAIR-BUILDER-EVIDENCE-HEAD.md	c03f180c11b61d7c4cc0fac4f0a527704f9d0405
docs/orders/evidence/golden-baseline/g9/REPAIR-BUILDER-REPORT.md	ebe3c3e75ad65c6ad6cb12368bca51080970a4fc
docs/orders/evidence/golden-baseline/g9/REPAIR-BUILDER-STARTING-MANIFEST.md	fe8fdcf1feff1f104acecb154a8e7069017e2ab7
docs/orders/evidence/golden-baseline/g9/REPAIR-BUILDER-STARTING-MATRIX.md	435bbc3f7283cd4d9e2347cfcd832f2119748f6a
docs/orders/evidence/golden-baseline/g9/VERIFIER-ACCEPTANCE.md	ca13dd8c8a450af1ac6a73ff93dfeb2717e050c7
docs/orders/evidence/golden-baseline/phase3/FINAL-FOUNDER-ONTOLOGY-WALKTHROUGH-20260830.json	3a697175a4b2fc8a86abdecdaf2adb1d1edff3bc
docs/orders/evidence/golden-baseline/phase3/FINAL-FOUNDER-ONTOLOGY-WALKTHROUGH-20260830.md	24af29d351e17801132df54041fd955b28b2fca8
docs/orders/evidence/golden-baseline/phase3/GOLDEN-DESIGNATION-20260831.md	858103f030766c23e2914905a31fa6c92deef3c4
docs/orders/evidence/golden-baseline/phase3/P14-B-PRODUCTION-INFERENCE-20260830.json	b4b57c81ee71def4bd881b2329801c9b210e12c5
docs/orders/evidence/golden-baseline/phase3/P14-B-PROMPT-20260830.png	97db573c5d3dc8d79f06f35b1cd9d4e4f12f6e0e
docs/orders/evidence/golden-baseline/phase3/P14-B-RESPONSE-20260830.png	9dd867010f965ab538ba0d8cdc19f89a19256c20
docs/orders/evidence/golden-baseline/phase3/P14-CURRENT-FLOOR-DECISION.md	b2b55af6b5a31b50c1fee5376e2a00a2847106fc
docs/orders/evidence/golden-baseline/phase3/PHASE3-CENSUS-SCHEMA.tsv	f58e4093c1530e3e0b0eac470de25b57165fc8ae
docs/orders/evidence/golden-baseline/phase3/PHASE3-CONTINUATION-BUILDER-RECEIPT-20260830.md	ca2ea021b0ed34a8764fecb76df4c3f6591a7b71
docs/orders/evidence/golden-baseline/phase3/PHASE3-CURRENT-DEFECT-AMENDMENT-20260830.md	abeeee77ebe7bef8b01df916ddd76a0f2cd134c2
docs/orders/evidence/golden-baseline/phase3/PHASE3-CURRENT-DEFECT-READER-ACCEPTANCE-20260830.md	0cc18145922e2e01097d6620b0003f3334551e1f
docs/orders/evidence/golden-baseline/phase3/PHASE3-CURRENT-MISSION-RECEIPT-ARGUMENT-AUTHORITY-20260830.md	720e43fb7fe8efda8f6df588f9a327fbf743131d
docs/orders/evidence/golden-baseline/phase3/PHASE3-CURRENT-MISSION-STAGE-GEOMETRY-AUTHORITY-20260830.md	96d9f3ee182151d2a0f986afe88a25e7fac07657
docs/orders/evidence/golden-baseline/phase3/PHASE3-DOCK-REFRESH-COORDINATION-AMENDMENT-20260830.md	77e9cfb06ae4a1fdc832743a317507c02c9b5927
docs/orders/evidence/golden-baseline/phase3/PHASE3-DOCK-REFRESH-READER-ACCEPTANCE-20260830.md	d9342d6961d72942e47f7405644a9aa0146f67bf
docs/orders/evidence/golden-baseline/phase3/PHASE3-EXECUTION-SOURCE-PREFREEZE-20260830.md	8054709dc34aa0f9478c09e518eea63507839faa
docs/orders/evidence/golden-baseline/phase3/PHASE3-FINAL-FOUNDER-ONTOLOGY-WALKTHROUGH-AUTHORITY-20260830.md	3d9737c2fbcd80b839b92babc60688de838ae797
docs/orders/evidence/golden-baseline/phase3/PHASE3-FINAL-FOUNDER-ONTOLOGY-WALKTHROUGH-READER-ACCEPTANCE-20260830.md	18fb20921c0d87aedba1e2ff76992d400e8553e7
docs/orders/evidence/golden-baseline/phase3/PHASE3-FINAL-VERIFIER-ACCEPTANCE-20260831.md	d518489307813fb36c39270904f4ef9790eb0066
docs/orders/evidence/golden-baseline/phase3/PHASE3-FOUNDER-LINK-SEMANTICS-AMENDMENT-20260830.md	7f8599978edf0acc13a8284f59a45b2f8966132e
docs/orders/evidence/golden-baseline/phase3/PHASE3-FOUNDER-LINK-SEMANTICS-READER-ACCEPTANCE-20260830.md	f22a03309ea009a87f7f424a2b5905e03ed955d1
docs/orders/evidence/golden-baseline/phase3/PHASE3-FOUNDER-ONTOLOGY-READ-AMENDMENT-20260830.md	55249dfc79a62c81239602bc72551aa48451c50c
docs/orders/evidence/golden-baseline/phase3/PHASE3-FOUNDER-ONTOLOGY-READ-READER-ACCEPTANCE-20260830.md	927b4dff9966d9c073ae2f1d23c387d05db543e1
docs/orders/evidence/golden-baseline/phase3/PHASE3-FOUNDER-PATH-CURRENT-PRODUCT-BUILD-RECEIPT-20260830.md	1cedc26b630f1ee768444122a351515347a32646
docs/orders/evidence/golden-baseline/phase3/PHASE3-FOUNDER-PATH-CURRENT-PRODUCT-CORRECTION-20260830.md	3e13e13eff0d2998018d56859dccbe296dc03cc2
docs/orders/evidence/golden-baseline/phase3/PHASE3-FOUNDER-PATH-CURRENT-PRODUCT-READER-ACCEPTANCE-20260830.md	d86e460af2afc45b6ee0656828ad4049819ede42
docs/orders/evidence/golden-baseline/phase3/PHASE3-FOUNDER-PATH-CURRENT-PRODUCT-VERIFIER-FAIL-20260830.md	9c9dcc7fed8403cc4f48edc47d37b7887f449b30
docs/orders/evidence/golden-baseline/phase3/PHASE3-FOUNDER-PATH-F01-VERIFIER-ACCEPTANCE-20260830.md	13af4e29558164eb030497cc4770542574e95661
docs/orders/evidence/golden-baseline/phase3/PHASE3-GATE-CLASSIFICATION.tsv	c68a7a6aadf0f2b91a55e57903e1253cf3fa117c
docs/orders/evidence/golden-baseline/phase3/PHASE3-HISTORY-AUTHORITY-RECEIPT-SEMANTICS-20260830.md	175197ea49e3bacbb1129b2c0e502e1a5d903953
docs/orders/evidence/golden-baseline/phase3/PHASE3-LOCAL-CABLE-READER-ACCEPTANCE-20260830.md	6ea8ff10e7aa501666a107da2f7ab2d0d16b907f
docs/orders/evidence/golden-baseline/phase3/PHASE3-LOCAL-CABLE-SEMANTICS-AMENDMENT-20260830.md	21aad4521cae9ae24ee5886063b302027a6222d6
docs/orders/evidence/golden-baseline/phase3/PHASE3-P14-A-ONE-SHOT-MEASUREMENT-AUTHORITY-20260830.md	4cf114752fd99184dfabd217da3892ac8db964f8
docs/orders/evidence/golden-baseline/phase3/PHASE3-P14-A-PARSER-ADJACENCY-AUTHORITY-20260830.md	a9c0195c3acc04a6bdbb84d78589b67df7d94bed
docs/orders/evidence/golden-baseline/phase3/PHASE3-P14-B-INFERENCE-CORRECTION-20260830.md	a0556dd373951688d7886ea0e936fcd91e05d919
docs/orders/evidence/golden-baseline/phase3/PHASE3-P15-STEERING-HOLD-LIFECYCLE-AUTHORITY-20260830.md	179d849e47406172daabc7980215548d23baee59
docs/orders/evidence/golden-baseline/phase3/PHASE3-P15-SYNTHETIC-RESPONDER-AUTHORITY-20260830.md	57f08bcb82daa686a49e1b3184e6199f36e4e852
docs/orders/evidence/golden-baseline/phase3/PHASE3-PRE-R18-CONTINUATION-READER-ACCEPTANCE-20260830.md	8a30cf2c321c10bde7773be3d99526e888740673
docs/orders/evidence/golden-baseline/phase3/PHASE3-PRE-R18-CONTINUATION-SEQUENCING-AMENDMENT-20260830.md	39009bd4d87477629a0c561987e41753ef42bbc6
docs/orders/evidence/golden-baseline/phase3/PHASE3-PRE-R18-ORACLE-HASH-REPAIR-AUTHORITY-20260830.md	faa48ddabab49e56c39746f5778458e27d3581b7
docs/orders/evidence/golden-baseline/phase3/PHASE3-PRE-R18-VIEW-STATE-AMENDMENT-20260830.md	d906c0b7e34fef744e3d35c0e7923005ed735c96
docs/orders/evidence/golden-baseline/phase3/PHASE3-PRE-R18-VIEW-STATE-READER-ACCEPTANCE-20260830.md	3b7eb4a0167f705104bd99f130f80507512a7568
docs/orders/evidence/golden-baseline/phase3/PHASE3-PRODUCTION-CONTINUATION-READER-ACCEPTANCE-20260830.md	c9099eb9903a2a992f9f94f8650854b1d837d4b1
docs/orders/evidence/golden-baseline/phase3/PHASE3-PRODUCTION-CONTINUATION-SEQUENCING-AMENDMENT-20260830.md	3def8bd4d041af890296eb3d392c43efa4c3f4f3
docs/orders/evidence/golden-baseline/phase3/PHASE3-RUN-RESULT-OUTCOME-AMENDMENT-20260830.md	fafff07a0c2068fab7ecbe5951b49ad15947ee15
docs/orders/evidence/golden-baseline/phase3/PHASE3-RUN-RESULT-READER-ACCEPTANCE-20260830.md	635ed1c8f29f85650736da64b5a6ce4c6adffa6b
docs/orders/evidence/golden-baseline/phase3/PHASE3-SEED-HASHES.tsv	94179244c36ae4d82add9f37227444d2a384e15f
docs/orders/evidence/golden-baseline/phase3/PHASE3-SELECTED-CABLE-LABEL-PLACEMENT-AUTHORITY-20260830.md	a3955f332e4f11382580b6ea9db5eb52be1a6ab4
docs/orders/evidence/golden-baseline/phase3/PHASE3-STARTING-MATRIX.tsv	1272392c4fca6cf456e676b3b7d1a2e54887df94
docs/orders/evidence/golden-baseline/phase3/PHASE3-SURFACE-MANIFEST.tsv	e2508ee6ca66464a01d52da0214d9fe2235c07f2
docs/orders/evidence/golden-baseline/phase3/PHASE3-WINDOWS-TRAVERSAL.tsv	3d7f1077ab47d449d8987996b07d378e4d9af1aa
docs/orders/evidence/golden-baseline/phase3/REJECTED-EXECUTION-SOURCE-9721DB6D.md	d4f27293263a65ae66ba14e509f9969ddb9c676d
docs/orders/evidence/golden-baseline/phase3/REJECTED-EXECUTION-SOURCE-CA48DB40.md	e3b58f05a8c81badebf5f7518d3a1e276ce3fd66
docs/orders/evidence/golden-baseline/phase3/founder-walkthrough/RED-01-TASK-QUERY-MISSING.md	0b2c4d0638a473ac29ec80b860fa7a485edbcc02
docs/orders/evidence/golden-baseline/phase3/founder-walkthrough/RED-01-task-query-missing.jpg	f22aeed045d469c904aee3b77b0404628c542a8b
docs/orders/evidence/post-merge-review-kernel-identity.md	a3973506ed6ee21b02bc75e36d74397e3275516a
docs/orders/evidence/pre-r18-coherence/01-empty-workspace.webp	acb537b5075c8ee97474d45b6473b5395cd43a71
docs/orders/evidence/pre-r18-coherence/02-mission-starting.webp	3735668946946eb04c72bf4c9191074ccbd902da
docs/orders/evidence/pre-r18-coherence/03-director-planning.webp	68c2b0e0a557617dd19ca88b963694d30244ef1e
docs/orders/evidence/pre-r18-coherence/04-active-participants.webp	b809b6b26424f36b8cb9903bd1f08c319e41f3ed
docs/orders/evidence/pre-r18-coherence/05-artifact-produced.webp	0b8785e99afa166d361c5a5359b1659ffa6511a7
docs/orders/evidence/pre-r18-coherence/06-evaluation-and-report.webp	e881a0fe0683415923b5ab49422a21c2fef4b613
docs/orders/evidence/pre-r18-coherence/07-completed-world.webp	aa256b12ea9483b26f0b328c8dafd8fe734051c0
docs/orders/evidence/pre-r18-coherence/08-reopened-world.webp	a883c4522e633b2a3dc7d729d79fb16406d3852c
docs/orders/evidence/pre-r18-coherence/09-dock-catalog.webp	ed1372bc6fd0a39044155f2d953ec35e97850ccb
docs/orders/evidence/pre-r18-coherence/10-dock-active-sessions.webp	47c878cacc30cc797c55f13ef4c0797260d8b969
docs/orders/evidence/pre-r18-coherence/11-selected-participant.webp	0c4034a91ef6aa8c0d0df8764a13dc835697a3a3
docs/orders/evidence/pre-r18-coherence/12-selected-artifact.webp	1197ed030f1e9c0f88ff73a28c93dffe5e8eee3d
docs/orders/evidence/pre-r18-coherence/13-selected-evaluation.webp	70260d92a07a41e9f312c62350b11b3994703bf4
docs/orders/evidence/pre-r18-coherence/14-most-cable-dense-region.webp	6eea0d20f4ff5ed2c13e261cbdbe57a69eab759c
docs/orders/evidence/pre-r18-coherence/AUDIT-RESIDUE-CLEANUP.md	2823f4cb163b345aa40501d1109ec341c37f2842
docs/orders/evidence/pre-r18-coherence/BASELINE-BYTE-EQUIVALENCE.md	bffc62e4691bd73daf585f5ca076dc212c78a755
docs/orders/evidence/pre-r18-coherence/BUILDER-EVIDENCE.md	b949184eb59b58780bbfce479f85b12e33a8d748
docs/orders/evidence/pre-r18-coherence/DOCUMENTATION-CORRECTION.md	04bc052ca68937afda35ca649c0998cf45920cb5
docs/orders/evidence/pre-r18-coherence/FINAL-ACCEPTANCE.md	4ef675faa203650636bd8099045c1789803fb9a8
docs/orders/evidence/pre-r18-coherence/READER-ACCEPTANCE.md	91125426e9638a4155e99072d735159f73493ae3
docs/orders/evidence/pre-r18-coherence/SCREENSHOT-MANIFEST.md	480ad19d21f719627a9bebddb29e9d61385beff0
docs/orders/evidence/pre-r18-coherence/VERIFICATION-FINAL.md	5c16a3b357d191890a77cf97fa75219edda6fc37
docs/orders/evidence/pre-r18-coherence/VERIFICATION-ROUND-1.md	f2993c2f94dbd9d499a208b439d638548cbfad44
docs/orders/evidence/pre-r18-coherence/VERIFICATION-ROUND-2.md	41646983d9930e3ca238fec011e6ee4dfcc427ee
docs/orders/evidence/pre-r18-coherence/VERIFICATION-ROUND-3.md	4687231b0db443444de53334795f9bdf6cba9e32
docs/orders/evidence/r0/CHECKS-2026-08-04.md	b30b545417e4658536d107fa373c5de59f37c0ad
docs/orders/evidence/r0/LIVE-COLLABORATION-2026-08-04.md	4c6c68dd51bfbb930e0724a66624fe0923c45d02
docs/orders/evidence/r0/VERIFICATION.md	2010a434d6595b823da5d54ee8b14ac6704e6c67
docs/orders/evidence/r0/founder-state-after.json	9fbe84b6d0f4310c5d7c7c5fdd8f84c4d57b6fed
docs/orders/evidence/r0/founder-state-before.json	a38261a2c7740a01d396b77dc8f9d89fece6012a
docs/orders/evidence/r1/VERIFICATION.md	d4ac709e4d8c90d5b1a6a1e3223c999475227789
docs/orders/evidence/r10/VERIFICATION.md	0ec2f7fd150f7e16963c92e2d6176a603285e891
docs/orders/evidence/r11a/VERIFICATION.md	98f9a24a5759bf200ea5649fc52b962b8b2839b4
docs/orders/evidence/r11b/VERIFICATION.md	ff9f780fbfe8f36953e3de27723a89bc77d4efc3
docs/orders/evidence/r12/VERIFICATION.md	a3f6654db78ca2460da597133888c6bf7ae70163
docs/orders/evidence/r13/FOUNDER-REVIEW.md	017834a57aadc4ec17adb68f86ccd9fa458c9930
docs/orders/evidence/r13/PROGRESS.md	9e39a89a38eb5ce6d61f6583d780b1d912a19dc7
docs/orders/evidence/r13/V2-1-VERIFICATION.md	c182f5f78e2c989e4850950041703de1cfd97ae9
docs/orders/evidence/r13/V2-2-VERIFICATION.md	339cce85de6d35f1f5a067d163c88e4099d530f6
docs/orders/evidence/r13/V2-3-VERIFICATION.md	93689b9a95cdf2f65b26db43c7957cc0daa5e30a
docs/orders/evidence/r14/VERIFICATION.md	2f2aa633b238793e01a7559114fff98eec853b6e
docs/orders/evidence/r15/VERIFICATION.md	c59807421d79fa1d17e846564931a0fe0ca761f7
docs/orders/evidence/r16/BUILD-REPORT.md	4a5c2515523d5ab560c64211c05de08fbf788008
docs/orders/evidence/r16/CONSUMER-CHECK.md	abed0484fb48e3daffd4ad5c43c82324cd299304
docs/orders/evidence/r16/FINAL-ACCEPTANCE.md	f9a30a4fe5f827218f6b14133ddf632150a5beec
docs/orders/evidence/r16/GOVERNED-REVIEW-REOPEN-VERIFICATION.md	a7243b3ff09d0bb53ec907b1fef45957b6a82d56
docs/orders/evidence/r16/GOVERNED-WORLD-VERIFICATION.md	4e81de91660be93af7fe5926e39410bd8a1a6ce5
docs/orders/evidence/r16/HYPOTHESIS-BINDING-VERIFICATION.md	a77b8e3e2ee25364901f2126a9e15e69b25da540
docs/orders/evidence/r16/VERIFICATION.md	1f27e4d2ed535ccdf70629ddb15b848da3c247d4
docs/orders/evidence/r17/BUILDER.md	2290be197fd7557a9945e9f4f7f9e34dd7c9fcf6
docs/orders/evidence/r17/CONSUMER-CHECK.md	6ba08d45d737670c836a4c21e4479c27551525fa
docs/orders/evidence/r17/FINAL-ACCEPTANCE.md	53d9f19e60b0701c862bd62a9345529b6b5a7c5a
docs/orders/evidence/r17/VERIFICATION.md	5a6f13fc195ea9743edc68ae34871663e7b1c3a9
docs/orders/evidence/r18/PROVIDER-RESEARCH.md	2e1b3f1b369885c9037b3146726335394dea41d3
docs/orders/evidence/r18/R18-SURGICAL-TABLE.md	016530e2d1e60df29bce4d2501ca4a391a4f2794
docs/orders/evidence/r18/READER-ACCEPTANCE.md	2159bc47c061abec5d44067b09c4d6c5fee68469
docs/orders/evidence/r2/VERIFICATION.md	3516ef5f52b6ea8964bd0c910c900234c3f41537
docs/orders/evidence/r3/FOUNDER-REVIEW.md	e367adba22d382c479f43c790dd721d1418eef2b
docs/orders/evidence/r3/VERIFICATION.md	be1aa7017e8967361a107878f7ce675546874174
docs/orders/evidence/r4/VERIFICATION.md	ad76af814aede802dc91b57430cd9c20070cbe34
docs/orders/evidence/r5/VERIFICATION.md	d08aa665d61c3fe4ebe024ab409e1ce30a152184
docs/orders/evidence/r6/FOUNDER-REVIEW.md	d4026729dc6cb76b306677cc5413633742a02e92
docs/orders/evidence/r6/VERIFICATION.md	00060035b5e7f723004f9dce3945cad145cf3e42
docs/orders/evidence/r7/VERIFICATION.md	742d7ecd78edc438396a4852836ca40b333f459f
docs/orders/evidence/r8/FOUNDER-REVIEW.md	289d880cd3cd18d8f0a4f3bf845d89c85678cc53
docs/orders/evidence/r8/VERIFICATION.md	26c485c42c6557e0f2043cba903bc4a8e6af8a92
docs/orders/evidence/r9/VERIFICATION.md	701f8704b8b2966a08a3babe06b55bb5cc0da1e6
docs/orders/evidence/readme-golden-refresh/VERIFIER-ACCEPTANCE-20260831.md	4a76f7f9a33d78c8ba0ec0a9a4c9c23a57e8ba1b
docs/orders/evidence/wo-006d/agent-chat.png	921ace917919bd67c97abbe0e8eb10a2dafc3dde
docs/orders/evidence/wo-006d/artifact-tile.png	c99c4cedbe1ef116fdc39fde65796ffaa9acb14b
docs/orders/evidence/wo-006d/graph-tile.png	1cd9881a9a7e58cd8c98d688d496c1eec33dd373
docs/orders/evidence/wo-006d/nav.png	1cd9881a9a7e58cd8c98d688d496c1eec33dd373
docs/orders/evidence/wo-006d/session-tile.png	e93062446825e754b59145761c625d227226b52c
docs/orders/evidence/wo-006d/settings.png	921ace917919bd67c97abbe0e8eb10a2dafc3dde
docs/orders/evidence/wo-006d/shell.png	ea9a1a04eb39846b4452933d8e73cc98b3cdd50b
docs/orders/evidence/wo-006d/terminal-list.png	921ace917919bd67c97abbe0e8eb10a2dafc3dde
docs/orders/evidence/wo-006d/terminal-tile.png	1cd9881a9a7e58cd8c98d688d496c1eec33dd373
docs/orders/evidence/wo-006d/terminal.png	1cd9881a9a7e58cd8c98d688d496c1eec33dd373
docs/orders/evidence/wo-006d/tile-list.png	921ace917919bd67c97abbe0e8eb10a2dafc3dde
docs/orders/evidence/wo-006d/viewer.png	1cd9881a9a7e58cd8c98d688d496c1eec33dd373
docs/orders/evidence/wo-007/dock.png	0518a2a8d7c9192fd2ae1f703411f98eec2d4a9f
docs/orders/evidence/wo-008d/tui-pty-capture.txt	0309f1bfb440da973c3010b58f6c23e754a9b6df
docs/orders/evidence/wo-008e/artifacts/fan_out-666fe15d-x.json	86d70c82643838cf181978da9696928a6910e3c4
docs/orders/evidence/wo-008e/artifacts/fan_out-af42a01b-x.json	40ca0840fa0ce7f9abaf1ba94a3e2487d3057287
docs/orders/evidence/wo-008e/artifacts/fan_out-afeebe64-x.json	e1ec1ed14e299d246e0e470beff0ada1dd021993
docs/orders/evidence/wo-008e/artifacts/submission-afeebe64-A.json	8ad77d70e63189f878bbe63e3c8afd1864cc1f14
docs/orders/evidence/wo-008e/artifacts/submission-afeebe64-B.json	335a60dd5e861b4b56ff8cdd31f96a05e46d4be2
docs/orders/evidence/wo-008e/artifacts/talk_back-afeebe64-x.json	f5da6df38ad7b4b4568a4d6e085c6f10168ca71a
docs/orders/evidence/wo-008e/proof.json	ff1101c32f7ac2ca93caf1b262698cc948227e9e
docs/orders/evidence/wo-103/VERIFICATION.md	86fa3f70ae29f1b9ffbef80ba4e28a289ab45c0b
docs/orders/evidence/wo-103b/VERIFICATION.md	b7968d93709b195148aaa90a6279d0e12bbb2fa4
docs/orders/evidence/wo-103b/prebuild-read-prompt.txt	326d33714f01d3b4d5868733e91f7a58f7a2fc6e
docs/orders/evidence/wo-104/VERIFICATION.md	f6795c6ffbf0ca54817b6203c303fccc1af90cf7
docs/orders/evidence/wo-104/prebuild-read-prompt.txt	fb22e2183f87219b6b3c00dd0354bf77feab87e8
docs/orders/evidence/wo-105/VERIFICATION.md	d1a3486ad0a5bc907f7ed4d3a97965e9226768f3
docs/orders/evidence/wo-106/VERIFICATION.md	b8c5d73c1ea478e6488c202dcaa7f5e21f97d512
docs/orders/evidence/wo-106/d5-after-real-model-2026-07-26.md	5b6b41705a0a52ff60c0fa4a103f0700adde74e7
docs/orders/evidence/wo-106/d5-baseline-real-model-2026-07-26.md	6b779647c24a8bdbf1cb7ffd92a6120277465051
docs/orders/evidence/wo-106b/VERIFICATION.md	bf1e3339e1f47a9f65f9a50eed272f53f33ece58
docs/orders/evidence/wo-107/rework-r1/VERIFICATION.md	d1e26c4c7ca04b3a868fffcdade6460215d90a8e
docs/orders/evidence/wo-107/rework-r1/canonical-release.txt	5b66e2fd6810f70a8b9f9b647b88011679253764
docs/orders/evidence/wo-107/rework-r1/five-baits.txt	e2f9d60d983ab182bb59ae1475f50fc9a38af12b
docs/orders/evidence/wo-107b/VERIFICATION-ROUND-1.md	0232805dc710addfffbd5d1caf5e86e1255ca30c
docs/orders/evidence/wo-107b/VERIFICATION.md	33ca484b1a6e2074e08095ccb11c586dbc63251a
docs/orders/evidence/wo-107c/VERIFICATION-R1.md	8c57f00cf8fda7e48d388715967054ce4a221ce4
docs/orders/evidence/wo-107c/VERIFICATION-R2.md	ec4914cd1a897b02f85cc7946eb88c067dd460c6
docs/orders/evidence/wo-V1/VERIFICATION-ROUND-1.md	5f131b4585d30290f1194bb987f44a5757cc2f74
docs/orders/evidence/wo-V1/VERIFICATION-ROUND-2.md	1a0e79c30825d06118b02dc1b0dfefdf3144c7ef
docs/orders/evidence/wo-V1/VERIFICATION.md	ae7302f29c84dbdce78d75c94fb1f9ddf88d30b4
docs/orders/evidence/wo-V1/rework-r1/bait-missing-type.txt	59c04249e7313d1571e6339ff51f3fba5edc59ab
docs/orders/evidence/wo-V1/rework-r1/gate-green.txt	e791a56d956f34851a02cfaee7c1b1d5a9a4c739
docs/orders/evidence/wo-V1/rework-r1/kernel-sole-writer.txt	c04a1844ec9d9ec80f40b5ca0867195a731996e2
docs/orders/evidence/wo-V1/rework-r1/samples/artifact-inline-body.md	227290951931ea628a3292c46a37de05a1d09a15
docs/orders/evidence/wo-V1/rework-r1/samples/artifact-with-backlink.md	814d12cd4d18a862ef0e1be0dea9a365524516d0
docs/orders/evidence/wo-V1/rework-r1/samples/session-with-wikilink.md	3c13e73f02b853d2df09b22e4fdd6743baaa8175
docs/orders/evidence/wo-V1/rework-r1/stderr.txt	68b5c71f495c0ef92c6de9adb7ef4daf3bfc8d16
docs/orders/evidence/wo-V1/rework-r1/stdout.txt	0d66c3d256a7ceab1de667df1a65845c11dc637b
docs/orders/evidence/wo-V1/rework-r1/vault-listing.txt	346fe0498eb1f79da9e08da6460fdf67220482ee
docs/orders/evidence/wo-V1/rework-r1/vault-wikilink-listing.txt	86f698214f8110f9753b7ff8ebc60343aeea3cc8
docs/orders/evidence/wo-V1/rework-r1/wikilink-seed.txt	1a931747506fee50c5a7f7031daba4f9b4e24b8d
docs/orders/evidence/wo-V1/rework-r1/wikilink-stderr.txt	b9cf0bc064ecd1b905760e170801c3963e833de1
docs/orders/evidence/wo-V1/rework-r1/wikilink-stdout.txt	30d8a5d3f5ab54c716f75ee41ac988c93e3599f5
docs/orders/evidence/wo-V1/rework-r2/bait-kernel-one-path.txt	3e9129cf2023afc8d0e8436df64b9de759f97f2c
docs/orders/evidence/wo-V1/rework-r2/cold-all.txt	450e4cebc4ece80066634af7450e091ee292d723
docs/orders/evidence/wo-V1/rework-r2/kernel-db-grep.txt	fe44abe2c7c1bd71ea921561cd9efa25b58602f5
docs/orders/evidence/wo-ci1/REWORK-ROUND-1.md	437bd8e6af67013ff7e84120b9e3ecf3247d12f6
docs/orders/evidence/wo-ci4/VERIFICATION.md	070e0b734c066f1da6110aa0d7d2cf31721543fa
docs/orders/evidence/wo-ci5/VERIFICATION.md	61575a48005bfbb591acb713c709e027ca55db14
docs/orders/evidence/wo-d1/VERIFICATION.md	963537b2e59d143c3bb45b53cfa51a0ab4e2f3f9
docs/orders/evidence/wo-d2/VERIFICATION.md	56177f6182d80a5f665cb161bbb186b5bf5de9b4
docs/orders/evidence/wo-d2b/REWORK-ROUND-1.md	4a29edb945e0a264309a15910031dfe1579cec94
docs/orders/evidence/wo-d2b/VERIFICATION.md	616f158f2248325c90c1e65e919572a551879e04
docs/orders/evidence/wo-g1/REPORT.md	88a0f627592fafccb103c2c674f8bc12a26d5393
docs/orders/evidence/wo-g2/REPORT.md	b7e81b4cc473e5f5e9af5bd129f73842f057935e
docs/orders/evidence/wo-g3/REPORT.md	5a4958010d5f7fba78d5ecd75ce158de380b092a
docs/orders/evidence/wo-g4/REPORT.md	ed504e69c2747c1526025225eb8a55b051d9f279
docs/orders/evidence/wo-g5/REPORT.md	c8e9131bf3cd34fb080b900e4fa9f8f00b16a2db
docs/orders/evidence/wo-g5a/0006-connection-actions.sql	e05a1410a1cad8f7e14ac4c4244701a2f41a9c90
docs/orders/evidence/wo-g5a/REPORT.md	d7990410b2a4b21ca23595e2a4d1fddca640a1ef
docs/orders/evidence/wo-g5a/golden-diff-stat.txt	4a4bcdff439a2a1eb8fa5f7c7f371f5c1daf2000
docs/orders/evidence/wo-g5a/migration-diff-excerpt.txt	1da5a3738b7f95e8a86c05d99104c301012e6bee
docs/orders/evidence/wo-g6/FOUNDER-REVIEW.md	7602231e82e8f598f37f6be49db61ed97b3b5d9a
docs/orders/evidence/wo-g6/REPORT.md	e9a64e9c82876413bc450d5194dcb7bce85b57d1
docs/orders/evidence/wo-g7/REPORT.md	f750c0cb5cb42b458245b467911f8c2ab403f76c
docs/orders/evidence/wo-h1/VERIFICATION.md	035dae8154200e4c6307f6ddf3225dae8b9c320f
docs/orders/evidence/wo-k1/VERIFICATION.md	d1c23bb96ae16a9538cccfac43e26fa4b76bcba3
docs/orders/evidence/wo-k2/VERIFICATION.md	e676fe9a18ef2dfe2e238a897420c525ea2c6d81
docs/orders/evidence/wo-k3/REWORK-ROUND-1.md	f10b12c368a2d7458bf91f818bb00e8d1dd6302c
docs/orders/evidence/wo-k3/attach-kernel-drift.txt	49420132ffeeeab63ee2990f5ebd4a758ab6c448
docs/orders/evidence/wo-k3/bait-g2-enforce.txt	0b3fec97db11eb672df3a3391a627c4b0710f035
docs/orders/evidence/wo-k3/bait-g6-coupling.txt	bc0e3f59246268f95d2a0f6b7fa66f270a4fb0c9
docs/orders/evidence/wo-k3b/VERIFICATION.md	b72fc53565ca1dd273beb39166233256da7c4a90
docs/orders/evidence/wo-n1/VERIFICATION.md	ee36c95709ef4002314caf5d4c1eae24c0ed00c1
docs/orders/evidence/wo-rd-1/VERIFICATION.md	2dbe502fadb610ccd4079829febf8cc22b234ff4
docs/orders/evidence/wo-rd-2/VERIFICATION.md	14679ef10a9bf01ab2e4ddf052854837c9f757a4
docs/orders/evidence/wo-win1/FOUNDER-STATE-INCIDENT.md	83d569ebbfda7942af8dfa1363c8bebd5801d0da
docs/orders/evidence/wo-win1/windows-cold-boot-latest.json	eed9412f622a9b5561fa7d53e9c3081126b88cf9
docs/orders/evidence/wo-win1/windows-visible-shell.json	37b4554f367619a1218ee5021f7d3d4e75646f0d
docs/orders/evidence/wo-win1/windows-visible-shell.png	e565d90c379129e337e2961b5f739b747de0f03c
docs/orders/evidence/wo-win2/COMPUTER-USE-2026-08-02.md	175d02fde8f4f85a4a67430e5b443200f471776b
